date_posted,funny,helpful,hour_played,is_early_access_review,recommendation,review,title
2017-04-02,0,0,0,True,Not Recommended,Pretty much same controls and buggy mess as all the other battle royale games.,PLAYERUNKNOWN'S BATTLEGROUNDS
2018-06-18,0,0,48,False,Not Recommended,game cant even find stone,Rust
2018-08-16,0,0,81,False,Not Recommended,"EVERY DRAGON NEED A BLOOD BAR !!!!!!!! I spend 40 minutes chasing a dragon then it says the dragon would leave in 10 mins. AFTER 10 mins i got nothing and was forced to return. Consequently im writing a NEGATIVE REVIEW here. I leveled weapons and all armors still wont have any visible difference from the initial weapons. IF there was a blood bar everyone can notice how much damage they can produce to decide weather they continue and give up saving time for the next try. AND when can we get a better network connection? I joined a group then they disconnect i continued to fight with the monster 20 bottles were used and the dragon was still alive after 50 mins. AGAIN i got nothing and was forced to leave. FU""K THIS GAME WASTING MY SLEEPING TIME FOR NOTHING.",MONSTER HUNTER: WORLD
2015-09-30,0,0,164,False,Not Recommended,Great game. Just not into the whole open world type gameplay. (,Grand Theft Auto V
2019-01-19,1,7,30,False,Not Recommended,"People compare this game to dark souls but it is not very similar to dark souls. Yes it a difficult game but similarities end there. I don't think it's as rewarding as dark souls and didn't get the same sense of satisfaction and thrill as defeating a boss in dark souls. Very grindey mechanics with lots of housekeeping (get things for potions prepare this prepare that). Story is barely a pass but i don't find myself wondering or caring for its world or any of its inhabitants. Animations can be too long and unnecessary becomes very disruptive in combat (hence why the game is ""difficult""). The main reason beyond the challenge of the game is overly long animations. Most of the time you will die because of animations stopping you from doing what you want. Overall i would say for the grinding it takes it's not a fun game and does not keep me hooked.",MONSTER HUNTER: WORLD
2017-06-20,1,1,89,False,Not Recommended,KKKK YOUUUUUU,Grand Theft Auto V
2017-10-13,1,2,147,False,Recommended,Product received for free. Mod menu simulator 201711/10 needs more hackers,Grand Theft Auto V
2017-07-05,0,0,19,False,Recommended,OpenIV stuff aside the singleplayer is great if you've yet to play through it and online gameplay can still be a lot of fun after all this time even without purchasing Shark Cards.,Grand Theft Auto V
2017-12-28,6,16,915,False,Not Recommended,fun game bad community,Rocket League®
2016-11-23,0,0,717,False,Recommended,Great game,Rocket League®
2017-12-21,0,0,749,False,Recommended,Product received for free. Fun,PLAYERUNKNOWN'S BATTLEGROUNDS
2017-12-21,0,0,147,False,Recommended,Always lands at military or school and died 10s into the game damn I'm awful at this game... 10/10,PLAYERUNKNOWN'S BATTLEGROUNDS
2017-11-28,0,0,9,False,Recommended,Just to be clear I suck at this game which makes my love for it all the more amazing. The game play and controls are excllent and the graphics are top notch. I like the fact that new content is regularly added witout change.This game is also great for the fact that it does split scren multiplayer very well along with good online play. I recommend this to anyone that shows even the slightest interst in action arcade gamers!,Rocket League®
2016-12-24,0,0,2,False,Recommended,i would buy it i love the game but i fint it hard to find games ...there needs to be more players,Dead by Daylight
2017-08-04,0,0,14,True,Recommended,"Its a good fun game. its just all the combat you love in a survival crafting game without the extremely boring and awful survival and crafting part. Solo is just as fun and faster paced than teams and teams is still fun with friends. However right now the updates seem to be pretty unoptimized. Right now you pretty much need 16gb of RAM . If you dont youll get crazy stuttering and get put at a pretty bad disadvantage. with as much attention as this game is getting I hope and expect these issues to be fixed fairly soon. (I have a 1060 6gb with 16gb RAM and an i5 2500k 3.4ghz CPU and I still get micro stutters and FPS drops on ultra. Before when I had 8gb of RAM If I had google chrome running in the background the models and textures of houses wouldnt load in for up to 2 minutes after landing on the ground PLUS stuttering on ultra. You can imagine that it puts a player at a disadvantage. After I upgraded this issue stopped but I still get FPS drops and micro stuttering)All this said I HIGHLY suggest you completely ignore the community. Its all the internet arguing you could ever want with the awful twitch hivemind to add flavor (and frustration). With little to no mic chatting in the game this is fairly easy to do though. I wont get into the PR of the game and the controversies I have my own opinions on it but thats a discussion for the ""Discussion"" page and the forums.NOTE I wrote this review before the paid loot crate update and Microtransactions. Hopefully it wont change anything but if it does im sure youll hear about it before I even remember I wrote this review.",PLAYERUNKNOWN'S BATTLEGROUNDS
2016-01-29,0,0,68,False,Recommended,A surprise game that came out of nowhere for me. I had a lot of fun playing this game with friends.,Rocket League®
2017-06-18,0,0,143,False,Not Recommended,yeah the game really isn't worth it without mods tbhmod availability has always been a great feature of GTA gamesjust play GTA San Andreas,Grand Theft Auto V
2017-07-10,0,0,13,True,Recommended,Unbelievably tense and fun at times but frustrating sometimes due to weird mechanics and glitches. Overall a great game with the ability to vary up your playstyle drop close to others for a guns blazing game or far away and loot up for a slower paced stealth affair.,PLAYERUNKNOWN'S BATTLEGROUNDS
2017-06-17,0,0,333,False,Not Recommended,I explicitly bought this game so I could mod it.I do not even care about GTA Online I hate it. And now I can not even enjoy my single player experience to the fullest.,Grand Theft Auto V
2017-11-26,0,0,1254,False,Recommended,"Single player Grade 10/10Multiplayer Grade 9/10Short review Single player is once again a long and extremely enjoyable story driver open world game by Rockstar.Multiplayer is extremely as well fun and has vast amount of content but it is marred by some rough edges and cheaters.Full review As said in the summary the single player is exactly what you would expect from a GTA game. Thus I will keep single player review as relatively short. The Single player is a a long story driven chain of mostly humorous missions that takes places in a large and lively single playable open world. Even outside the missions the world has a lot of things to and discover from beautiful landscapes to creating massive traffic jams and from bullying pedestrians to tumbling down the mountain to escape wild animals. The quality of the execution is once again flawless. Due to the single player experience alone this game is a must buy for anyone who likes open world games and for others this gets a strong recommendation as well. The single players part is easily 10/10.The multiplayer (called GTA Online) part is executed as follows. By default you are in on open world together with 30 players. This mode is called free mode and is mostly identical to you being in your own single player open world except that you can interact with other players. On top of that the free mode is filled with random events and jobs started by players who have bought themselves with in game cash the CEO VIP or Motorcycle club president status. In free mode prepare for the fact that many of the players are hostile and shoot you on first sight. You can choose to be in passive mode to avoid being killed by other players but it also prevents you from using weapons.The other thing that the multiplayer offers are different kinds of missions. To get into a mission you must first be in the free mode and then start a mission there or choose to join a started mission. These missions create a new instance of the open world available only for those people in the mission. There are many different categories of missions so that there is definetly something for everyone. Some examples are story mission like co op missions surviva l deathmatch team deatmatch racing with vehicles parachuting and many more. A nice bonus is that players can create their own custom missions (excluding some game types such as co op ones). Note that the single player campaign's missions are unfortunately not playable as co op missions.The missions available in GTA V Online are fun and the large amount of them and the large amont of different game types together with having fun in the multiplayer free mode make GTA V Online a great experience and I would really like to give it 10/10 but unfortunately there are some notable issues.First one of these issues are the cheaters. In no other game have I seen as many cheaters as in GTA V (Online). The amount of them is so big that it is a great shame that Rockstar has not been able to control them. You can avoid cheaters completly by creating private session. That however prevents some free mode mission types. For some stupid reason the players tend to call the cheaters in GTA V Online as ""modders"". I really hope that stops because traditionally modders are completly different group of people. Modders are people who create modifications to games to add/modify content such as Forgotten hope 2 mod for BF2 or Prophesy of Pendor for Mount &amp Blade Warband.Second issue with GTA V Online is that it is possible to buy in game money with real money. This happens by buying ""Shark cards"". This makes GTA V online more or less pay to win. By money you can buy yourself for example CEO status and with that you get abilities unavailable to non CEO players other thing that gives obviuous advantage is buying vehicles.. You can of course grind enough in game cash to become CEO (like I did) and get vehicles. However that takes a lot of time and there are many different things you need in game money for such as buying apartments warehouses and motorcycle club persident status. Grinding ALL these without buying in game cash requires a massive amount of time for normal players. In addition some of the missions of GTA V online are locked behind CEO/Motorcycle club president status. About 2 years ago the grind needed to unlock all the stuff you ""need"" was still acceptable but nowadays with more content the time you need to grind is totally stupid especially for new players. As of writing this I have played over 800 hours of GTA and most of that in GTA V Online. That is a lot. I am still far from owning everything. I would say that you need about 400 hours to get all that you ""need"" (CEO+President+Couple of apartments+most important vehicles) and that is way too much time.The last problem in GTA V that I am going to list are the loading times and some related issues.1. The load times are massive even with current high end PC SSD.2. After a mission you have limited amount of choices for next game that you can vote about. I like the vote but the problem is that if none of the given choices is good the only opnion is to return to free mode to create new mission of yor liking. Going back to free mode requires loading so this thing worsdens issue 1 a lot.3. After many heist type co op missions you are forced to free mode. This worsens issue 1 a lot.4. If someone leaves heist type co op mission the mission fails automatically and you are forced to free mode. This worsens issue 1 a lot.5. Someimes after a mission you and your friends end up in different free mode session. This worsens issue 1 a lot6. sometimes loading to free mode gets stuck and instead of cancel and retry user must restart the game. This worsens the problem 1 a lot.7. To start private open world session you must first get into GTA V online or single player mode. This worsens problem 1 a lot.I think you see my point. The loading times a bad. Sometimes that is price you have to pay for great graphics etc. However what kind of an idiot decided that 2 3 4 and 5 6 and 7 are a good ideas especially in a game with massive loading times??!Despite all the flaws I listed for GTA V online it is so enjoyable that I have to give it 9/10.PS. The flight controls suck on Mouse+Keyboard. Rockstar please add joystick support next time and/or take a look at Battlefield 2 to see how to implement flight controls properly with mouse and keyboard.PPS. This game is so large that I would still like to say a lot of other things as well but to keep the review in somewhat acceptable size I must stop now.",Grand Theft Auto V
2014-07-02,0,0,91,True,Recommended,A great game for you and your friends to burn countless hours through intraciate means,Rust
2017-11-27,0,0,768,False,Recommended,not bad,PLAYERUNKNOWN'S BATTLEGROUNDS
2016-11-13,0,0,30,False,Not Recommended,"It's regular ol' skyrim just with more realisitc lighting. That's it. No new content no enhanced meshes or textures no fixes to cruddy npc AI or anything of the sort. If you already have vanilla skyrim there is NO reason to spend money on this. I already had the full set so I got it for free but I would never even consider ""upgrading"" otherwise. You can get a much better experience with regular skyrim just by adding a few choice mods. I really don't know why bethesda even made this a thing. They could've just made a lighting patch for the original. Seriously why does this exist?!",The Elder Scrolls V: Skyrim Special Edition
2017-12-09,0,0,1105,True,Recommended,Love the building aspect of the game and the pvp on modded servers. Found that unless you are uber good at pvp the official servers are a pain to get started on but I assume its that way for most games.,Rust
2017-11-22,0,0,788,True,Recommended,Product received for free. it's a good game but i hope they make it better without bugs !,PLAYERUNKNOWN'S BATTLEGROUNDS
2017-11-25,0,0,135,True,Recommended,OverHyped?,PLAYERUNKNOWN'S BATTLEGROUNDS
2014-01-04,0,0,119,True,Recommended,I love this game! I really brings out the thrills of gaming. Do you trust people or do you double cross them? Its all about survival and using everything you can think of to stay alive not just from Zombies and wolves etc but from you biggest enemy...people.Id highly recommend you try this game its not expensive it has a good quality feel and physics unlike some other zombie survival game...give it a shot! ),Rust
2015-12-20,0,0,129,True,Recommended,I haven t owned this game for very long but was a great purchase. Provides me with hours of entertainment,Rust
2016-01-02,0,0,7,False,Recommended,Lots of Fun Especially with friends,Rocket League®
2018-01-31,0,0,56,False,Recommended,Good game some bugs but fun.,PLAYERUNKNOWN'S BATTLEGROUNDS
2016-11-27,0,0,355,False,Recommended,Personally I've had a ton of fun playing this game. As of right now I have 200+ hours playing this game and I don't see myself stopping anytime soon. There are a lot of problems with this game but there are also a lot of really interesting aspects to it as well. I think for the base price of $20 the game is well worth the money. I'll go ahead and list some pros and cons to the game as a whole. Pros Interesting characters and plot (excluding The Shape of course).Procedurally generated environment.Decent Atmosphere.Devoted Developers. Addicting if you get into it at all. Relatively balanced gameplay.Overall draws a lot of good aspects from horror movies/games. Cons Lots of bugs.Horrible community for the most part.Exploits and Survivor Infinites.Facecamping Killers. Bad matchmaking system (host based).Survive With Friends.Isn t really that scary after a few hours (but it can get your heart racing at times).Not Immersive. I know I ve listed more cons to this game than I have pros but frankly for the price of the game it s still worth playing especially if you are a horror fan. Keep in mind that this is just my objective opinion and shouldn t really be taken too seriously. I ll most likely update and elaborate on this review as the game develops (this is based off the 1.2.2a patch).,Dead by Daylight
2017-11-08,0,0,106,True,Recommended,yay,PLAYERUNKNOWN'S BATTLEGROUNDS
2018-08-09,0,0,98,False,Recommended,Fun Beautiful no UW support at launch is dissapointing.,MONSTER HUNTER: WORLD
2019-01-01,0,0,121,False,Recommended,Product received for free. ДА Я В ОТЛИЧНАЯ ИГРА!),Rust
2013-12-16,0,0,4,True,Not Recommended,Don't try this alpha if you are playing alone. A few reasons I've quit playing 99% of players (including people on the supposedly noob friendly servers) will have no hesitation gunning you down in their kevlar armor while you run naked trying to find the resouces you need to survive the first half hour of the game as your health counter trickles down.Talking of resources half of the time you'll spawn somewhere where you can run around for ages without finding some of the crucial starting materials. Rock is hard to find and I've died twice of hunger simply because I've never encountered any animal to kill for food. And even if you finally start getting a handle on things creating shelter and a couple decent weapons someone will break your door while you are logged out and steal everything. Finally the PvE is increadibly boring as once you find a place where animals spawn and you get a bow you'll pretty much never run out of food which takes care of the survival part leaving you with nothing to do except pick fights with other players out of sheer bordom which explains why everybody is at each other's throat all the time.TL DR Boring PvE boring crafting terrible placement of resources and everybody is better equipped than you and will murder you.,Rust
2017-02-21,0,0,749,False,Recommended,NICE GAME!,Rocket League®
2017-11-08,0,0,169,True,Not Recommended,While the game was very enjoyable at the start the hackers have taken over. Played 6 games back to back only to be killed by hackers. I would reccommend avoiding this game until the issue is fixed. Before this issue I would have rated PUBG very highly. Borderline unplayable,PLAYERUNKNOWN'S BATTLEGROUNDS
2017-08-08,0,0,258,False,Recommended,Fun to play with friends.,Grand Theft Auto V
2017-04-24,0,0,152,True,Recommended,This is one of the best battle royale games out thereIm not and never been a fan of H1Z1's style of battle royale but im a huge fan of PUBG It could use some fixes but overall its a great game,PLAYERUNKNOWN'S BATTLEGROUNDS
2017-11-22,0,0,2239,True,Recommended,I have has this game for 2 1/2 years and have 1900hrs. rust has been through some ups and downs but after all i love this game will allways be my fav........but plz stop the cheaters.,Rust
2018-08-10,0,0,47,False,Recommended,Great game franchise I am happy to finally have on PC.I haven't had an issues with it it runs perfectly for me.Worth a try if you've never played a Monster Hunter game before or if you tried Dauntless and enjoyed it.,MONSTER HUNTER: WORLD
2017-11-24,0,0,2101,True,Recommended,Just landed? Ded. Endless fun.,PLAYERUNKNOWN'S BATTLEGROUNDS
2014-02-19,0,0,304,True,Recommended,I've never loved minecraft due to the graphics it's just not my thing though i loved the idea and the concept.This is exactly the replacement for that!,Rust
2017-12-26,0,0,61,False,Recommended,Release 1.0 fixed for me server lags/desyncs when shooting which I had during whole early access period and it was gamebreaking now it is finally ok. Overal performance seems also little bit better now.But I think it is kind of a lotery how your PC will handle it and how good or bad will the server performance be for you depending on your region and internet connection. For europe it seems ok now at least for me.It is a very fun concept (battle royale) game engine is still a bit clunky but it is rather good match for this kind of gameplay.If you can play with one or 2 friends than PUBG shines and it can bring really intens gaming moments.So far thumbs up ) I hope they will still work on it and fix technical issues for all players eventually also game engine could still get a little bit more polished.,PLAYERUNKNOWN'S BATTLEGROUNDS
2016-09-16,0,0,1056,False,Recommended,This game. Is. ing fantastic. EDIT After 900 hours I still think this game is fantastic.,Rocket League®
2017-05-22,0,0,344,False,Not Recommended,"TL DR DEVELOPERS SOLD OUT THEIR PLAYERS BY KISSING CHINESE HACKER TO MAKE MORE MONEY. you Brandan Greene A gamer pfft your a ing wanabe living off the hype of a successful mod acting like nothing wrong and taking the ""ohh their racist"" route when the majority of cheaters are chinese while you ing lie to our faces about fixing your game we paid for while you still make an income from the cosmetics skins i hope it gets labeled as gambing in america to you over prick someones going to do something with the amount of gamers you'v off and ill watch the show just ask the chinese to help you im sure they ing will with the amount of you sucked.https //www.youtube.com/watch?v t0AiKVGQwlATL DR longer version infested with chinese cheaters farming for a few yen on ALL servers killed the game blueballs sorry a$$hole sorry bluehole not doing anything about it apart from bringing worse Anticheats in while removing the better ones and they still think banned hackers are rebuying the game but they'v allowed family share (which is the bigger retard?) whoever says there is none yea its all fake news with all the players saying and all them video clips of deathcams.Edit 1 is for some reason causing more heat than what my system can handle and 2 friends can handle... has caused damage beyond repair to my PSU with demands of voltage... wierd...Edit 2 DOG SHAIT... PISHWATER OPTIMIZATION HACKERS CHINESE FLOODING OTHER SERVERS BECAUSE NO FUN TO FACE OTHER CHEATERS DEVS RATHER SUE OTHER GAME COMPANIES INSTEAD OF BANNING NOT REALIZING CHINESE USING STEAM'S FAMILY SHARE TO CHEAT ON ALTS.32 GB DDR3 NVIDIA Geforce GTX 980 (for now) 8 core 3.60 Ghz overclocked to 4.2...even when you can run games like Battlefield / CoD / Star Wars / MoH on highest quality and still get around 120 fps...Good potential games still runs like A$$ (you know a donkey) in both fps and connection. 1/10.EDIT 3 0/10 new updates dont fix makes it worse dont buy.riddled with cheaters who toggle when your up but cant kill you when you crawling with 3 clips lmfao... kids with $1 a day subscriptions to infections....EDIT 4 Look into legal ways to edit my review didnt know you owned the battle royal game mode even before your game it was done a few times even in movies. buying from this who's only in it to make money.edit 5 latly i seem to die with 1 shot to chest via uzi while im wearing helm and armour nothing but asians and numbered names... thanks for not region locking it how does it feel to be a company and screw players over like you got screwed? ing greedy unknown.edit 6 test server to check new map and guns insta headshot on me and my friend playing duo with kar98k while we where both at different areas... quicker than you can pull the bolt back... asain name... region lock the chinese out of EU and USA servers i guess they proved how trustworthy they are with all the chinese forum posts with ""why was banned i?"" followed with 2 pages of chinese symbols. it i wont be buying your cosmetics backstabber.dont get me wrong good game with friends but what with the spam of chinese players cheating on ALL servers now and A$$hole.. i mean Bluehole more intrested in sueing other companies for the ""idea of a battle royal"" game instead of dealing with cheaters then you just got to ask if playerunknown is just in it for the money. Chinese players using steam's family share to cheat on alts and they wonder why they not making as much as they are banning.Fortnite is better (not the best but better) they actually deal with their cheaters and even the cheat makers. Sue that kid for his counter claim against the DMCA him bragged about it so let him see how big a company actually deals with infringement on their work also his mother complains he's a minor... SO? law is law sugert!ts...also for the fan kids sucking daddy off to buy you this game fortnite aint much better thats free to play with only account bans on cheaters allowing them to come back on a new account... a company would need to grow balls and just hardware ID ban these ing ...",PLAYERUNKNOWN'S BATTLEGROUNDS
2018-05-10,0,0,424,False,Recommended,Anyone who says this is a bad game is a salty loser for all it's glitches janky mechanics and sordid vehicle physics it is a game you will come to know and love. buy it.,PLAYERUNKNOWN'S BATTLEGROUNDS
2015-06-17,0,0,1542,True,Recommended,just die just fun,Rust
2017-07-16,0,0,173,True,Recommended,The most fun I've had with an online shooter since playing COD4 and MW2 with the boys back in the day.,PLAYERUNKNOWN'S BATTLEGROUNDS
2018-11-21,0,0,61,False,Recommended,good game babes,Grand Theft Auto V
2018-05-04,0,0,968,False,Not Recommended,Product received for free. 你们就慢慢改吧 弃坑已卸 每天都更新 每天都卡 现在把枪全部都改了 之前练的都不作数 你怎么开心怎么来吧,PLAYERUNKNOWN'S BATTLEGROUNDS
2017-06-07,0,0,235,True,Recommended,Great quality in the game better than H1Z!. Multiplayer maps are alot better and stable!,PLAYERUNKNOWN'S BATTLEGROUNDS
2017-09-08,0,0,113,True,Not Recommended,Too many bugs and has black screen crash problem. Tried every single solution online. none of them worked.Terrible and poorly optimized game despite released for so long still has so much bugs..This should be a FTP game instead,PLAYERUNKNOWN'S BATTLEGROUNDS
2018-06-19,0,0,324,False,Not Recommended,Game is good but poor support from devs. Also no DUO FPP server for SA,PLAYERUNKNOWN'S BATTLEGROUNDS
2017-06-06,0,0,1051,False,Recommended,This is the most fun I've had in a long time with a game. This game is easy to learn but hard to master. You can play competitive and put your skills up against others while learning new skills in the process. Would highly recommend this game to anyone who likes soccer and is competitive.,Rocket League®
2016-07-21,1,2,867,False,Not Recommended,How to crash the game Play it.Don't you dare play online singleplayer only.10/10 Would return to Grand Theft Auto 5 and try againEdit after a year GTA online has become even more of a grind than it already was.GTA 5 Online 0/10GTA 5 Story mode 9/10,Grand Theft Auto V
2017-12-24,0,0,677,False,Recommended,21 hour in game since purches that was like few days ago . Just proves how addictive it is . And the online is not as bad as they say it is cant denie if you dont get events x2 cash/rp than it might prove quite hard . But once you hit the rythm you will enjoy the game D .I acualy play alone online only (since i have completed single player ) and my oppinion is while it has discount get it if you can ! Its prety fun and alot of cool new things are constantly coming so no doubht it wont get old .,Grand Theft Auto V
2018-11-26,0,0,633,False,Recommended,Product received for free. BestGame,Rust
2016-08-05,0,0,685,False,Recommended,In my opinion this game is worthy attetion.,Rocket League®
2018-08-15,0,0,260,False,Recommended,11/10 arch tempered kirin rage,MONSTER HUNTER: WORLD
2017-06-17,0,0,455,False,Not Recommended,Bad Rockstar,Grand Theft Auto V
2015-04-13,1,1,503,False,Recommended,I followed the train. 10/10,Grand Theft Auto V
2017-12-07,1,1,420,True,Not Recommended,The only reward this game deserves is the abusive boyfriend award. It is bad 98% of the time but that 2% makes you stay.,PLAYERUNKNOWN'S BATTLEGROUNDS
2017-06-27,0,0,466,True,Recommended,1. Finally found my first air supply drop2. myself as i slowly inch towards it3. Open it to find nothing 4. Get headshot over 300 meters with AWM and die5. Get salty and quitAfter 100 hours this became my 'go to' strategy. Is a good game,PLAYERUNKNOWN'S BATTLEGROUNDS
2017-08-16,0,0,369,False,Recommended,Great game but still buggy. Get an SSD and download the game on there for faster loading. Prevents Play Doh buildings but overall is a great game to waste hours on.,PLAYERUNKNOWN'S BATTLEGROUNDS
2016-05-29,0,0,153,True,Recommended,&gt Getting shot by helocopter trapped in my own house&gt Guy shoots it down.&gt Goes outside to thank him&gt destroyed helocopter landed infront of my doorway.&gt Can't go out for a while&gt Finally stops blazing&gt Thanks guy&gt Shoots me with a shotgun in the face.10/10 game trust no body,Rust
2016-01-25,0,0,25,False,Recommended,very fun + good music,Rocket League®
2017-06-24,0,0,435,True,Recommended,Most addictive thing around currently despite servers being a little rough around the edges. I hate that I love this horribly lovely game...,PLAYERUNKNOWN'S BATTLEGROUNDS
2017-01-13,0,0,34,False,Recommended,Still has that great replay value + online mode is tons of fun. Only downside is the loading times for Online mode.,Grand Theft Auto V
2016-02-07,0,0,307,True,Recommended,Sick of all these whiny kids ing about it being a deatchmatch. Tough This isnt MLP and hellokitty ISLAND where you can roleplay your autism away. Nah. This is Rust. GET DOWN ON THE ING GROUND KID!,Rust
2016-06-22,0,0,24,False,Not Recommended,Honstly its a piece of and u will rage people will get so god damn lucky with scoring and have no ing skill what so ever theres no point if you arnt ing lucky,Rocket League®
2017-05-29,0,0,580,False,Recommended,Product received for free. Best game 2013 ????,Grand Theft Auto V
2018-11-26,0,0,480,False,Recommended,Fun yet full of bugs..still,PLAYERUNKNOWN'S BATTLEGROUNDS
2018-05-07,0,0,925,False,Not Recommended,"I want to like this game I've tried to like it yet I can't recommend it.Firstly Loot crates I saw a lot of complaints about them before I bought the game yet at the time they seemed like an optional extra that people who wanted to could buy keys for. The game will force crates onto you that require keys to unlock whether you want them or notI don't want to be spending 20 a week on keys yet the only crates I've been given this week for my ""battle points"" (point rewards for playing the game) have been the new ""Equinox"" weapon skin crates 10 the game wants me to have spent on keys this week already. 10 a week triple A subscription games don't want that much.So my reward for playng has been not a thing except being asked by a company that admits itself that it doesn't care about any customers outside of China to give more money. No thanks mate cheek to call them ""Random crates"". Random is not every crate the new weapon skin that requires a different type of key to the keys that everyone already had.They have refused to put a high ping kicker on servers they ""don't want to offend their Chinese players"" at the expense of everyone else who has to put up with constantly getting put into teams with loud ignorant groups who are quite blatantly trying to farm crates in order to sell them yes you can sell things from the crates on steam OF COURSE PEOPLE ARE GOING TO CHEAT.Cafe's full of people often with the same names with different numbers using voice ativated chat it's a good job you can't understand them because you can't hear anything over the noise this includes in games audio queues such as footsteps gunfire and the like. In a game where communication is critical they've done nothing but make it a very frustrating experience.If you're outside of China you mean nothing to this company except a potential sale and then potentially more money for keys The other side of no high ping kicker is that half the time the Chinese people you think you're shooting at are not where you are shooting at try driving in a car with one of them they will crash into every tree rock and wall there is because they are so desynced with the server they can't not.A percentage of the claims of hacking are exactly because of this They do seem to have been doing a little about it but it's no where near enough and no where near fast enough They've allowed people to make money from playing and the only time it's an issue for the company is when they aren't getting their cut their recent attempts to combat hacking have only been because of third party websites selling their items nothing more nothing less.So why should you buy this if the game is quite clearly against you from the start? Why should you give a company money just to have a frustrating experience looking for that one squad who A. can communicate with you and B. actually wants to play in a squad most folk seem to think that everyone else is a voice activated AI bot that is only their to find weapons and ammo for them That's not the games fault You've probably experienced similar in other games yet with this game the few times that you can find a squad who can talk it's one of those muppets.Yes there is a solo mode yet I like to have people to talk to when I'm running to the next circle because that's what half of your time on this game will be doing running into the next circle.Nothing to do with winning or losing my complaints I've had fun games that I've lost yet when you are talking about that happening maybe 1 game in 100 with an average game time of 15 20 minutes and the other 99 just full of nonsense from what's mentioned above to vehicles randomly flipping themseves people who don't have any recoil people with blatant aim bots people who arent were you see them to be being shot through buildings and walls.It's a frustrating futile experience and by their own admission they won't do a thing to fix it because ""China""",PLAYERUNKNOWN'S BATTLEGROUNDS
2017-11-07,0,0,842,True,Recommended,游戏很火 但是现在 外挂满天飞和 各种bug真的很这个游戏担心 现在服务器倒是好了很多,PLAYERUNKNOWN'S BATTLEGROUNDS
2018-03-13,0,0,297,False,Recommended,Great game passes the time and can get alot of fun out of. Alot of bugs but they're slowly being fixed.,PLAYERUNKNOWN'S BATTLEGROUNDS
2018-08-31,0,0,126,False,Recommended,Great Game!,MONSTER HUNTER: WORLD
2017-06-16,0,0,69,False,Not Recommended,If you have any intention of enjoying this game purely for the single player be aware that content is being deliberately withheld in from the single player in order to force you to use micro transactions. Want to mod that content in? too bad now thanks to take two,Grand Theft Auto V
2017-09-22,0,0,2,False,Recommended,Nice game,Rocket League®
2017-12-28,0,0,538,False,Recommended,I've watched many compelling gameplay videos and heard good stories about this game. It doesn't run for me at all when I press play on Steam but I hope you have better luck with it.,PLAYERUNKNOWN'S BATTLEGROUNDS
2017-09-29,0,0,67,True,Recommended,awesome game,PLAYERUNKNOWN'S BATTLEGROUNDS
2017-05-13,0,0,1360,True,Recommended,"Currently Ranked 300s with 29 wins in Duo's.Mr_F00DP0RNLand at a small town on the outskirts of town suspect no one in my town begin looting. Find a 8x scar suppressor and car98... Things are looking good. Loot the town dry full inventory and level 3 everything... things are looking great.Go to the next town kill 4 solo teams...Looking fantastic. Drive to the next zone hide in a bush no one knows im here. See a guy shooting at another guy wait for him to kill the aggressor then snipe the victor of that small battle... at 5 kills now...things are looking perfect. Zone starts to get smaller so I jump from my balcony and suspect no one continues to know my position... Start taking damage panic ensues ""where am I getting hit from"" ""i dont see anything "" 2 players left. 1 dies outside the playzone...1v1...start getting excited ""I got this just one left"".... BANG BANG BANG. dead. laying down looking up at the flying camera angle showing my bleeding corpse and out from a bush emerges a naked man only holding a pistol with 20 bullets. TRIGGERED. 10/10 would play again.",PLAYERUNKNOWN'S BATTLEGROUNDS
2018-11-22,0,0,61,False,Recommended,Wake on BeachFarm build.. farm.. build...Your house is horrible because it is your first baseWake up shotgun traps kill youUse all wood to make spears to break one wallGet base backGet slightly raidedTrust neighbours give sulphur to get revengeJoin teamThey know when you are online and offline now.............Wake up on beach.....Best do not trust anybody Simulator ever!!!,Rust
2015-10-02,0,0,190,False,Not Recommended,While cheaters run rampant in the Online Take 2 sends a Cease and Desist to OpenIV.What the .,Grand Theft Auto V
2017-06-17,2,3,145,True,Not Recommended,Still too buggy and devs finally said you and stopped weekly updates im honestly so glad this game is dying as it was overhyped and overplayed. While it was too bugy it was pushed to esports and the esports were a disaster. Also lootboxes were added while it was bugy and glitchy. patches were a second priority for these ers while they were busy pumping money out of everyone while everyone gladly obeyed their every command. And now its getting out of early access XD amazing im honestly amazed the game isn't even ready yet. Gotta love these devs man.(edit) lootboxes are prob getting replaced by csgo lootboxes because of this right here Q Keys?A We have implemented a very basic key and crate system for this test. The Gamescom Invitational Crate first has to be bought with in game BP then you can optionally hold the crate in your inventory or it can be opened with a key which you can buy for $2.50 each.For the team at Bluehole the Korean studio responsible for Battlegrounds the decision to offer microtransactions is simply a part of the early access process. Microtransactions were always a part of the design plan and Greene says that they need to be tested along with everything else.honestly my god these are direct quotes this game is ed.(edit)still and becomes ier everyday,PLAYERUNKNOWN'S BATTLEGROUNDS
2017-05-08,0,0,171,True,Recommended,Great game to play with friends ) Would be better if people would stop killing fresh spawns when they have nothing (,Rust
2018-11-22,1,1,1236,False,Recommended,This game simply creates emotion. Whether it's pure frustration or elation you will experience it. Scoring a last gasp winner or conceding a heartbreaking own goal it's all part of what makes Rocket League great. Psyonix have a very active community and they re trying to engage with fans of the game in all sorts of ways. The e sports section is also growing which culminates in a yearly World Championship which is viewed by more each year.10/10,Rocket League®
2018-04-30,0,0,14,False,Recommended,cheap funny and epic ),Rocket League®
2018-03-22,0,0,191,False,Recommended,Dis a game is great,PLAYERUNKNOWN'S BATTLEGROUNDS
2018-06-26,0,0,22,False,Recommended,I like chicken.,Grand Theft Auto V
2017-01-12,0,0,3,True,Not Recommended,cant change gender race or looks. uninstalled.,Rust
2018-12-16,0,0,49,False,Not Recommended,This game has been released for 4 months (since Aug) but a simple problem of disconnecting is still there not fixed.For dev team if u can't provide a good server please just add a local coop like the old versions. I just want to play with my brother who sit next to me but the conection still sucks.,MONSTER HUNTER: WORLD
2018-01-23,0,0,0,False,Not Recommended,took me 10hours to acually get on,PLAYERUNKNOWN'S BATTLEGROUNDS
2017-11-22,0,0,250,False,Recommended,Yes,PLAYERUNKNOWN'S BATTLEGROUNDS
2018-08-31,0,0,459,False,Recommended,I've played all since MH3. It's fun fluid and it's more actual monster hunting than menus this time around. I can't even go play MHGU now thanks to this. 90% of connection problems have been fixed so far Capcom SEEMS okay with visual mods but it's still kinda up in the air? There's not a lot of weapon model variety and of course the monster pool isn't as big but that's to be expected with an upscale of a series that's used to being on a 240p device.,MONSTER HUNTER: WORLD
2018-11-23,0,0,446,False,Recommended,best bug i have installed O4/4 would kill again,Dead by Daylight
2018-11-21,0,0,44,False,Recommended,way more immersive than previous entries in the monster hunter series some mechanics feel more beginner friendly and there are many QoL improvements,MONSTER HUNTER: WORLD
2015-07-02,0,0,331,True,Recommended,This game is amazing and is everything you see in the youtube videos,Rust
2014-03-24,0,0,335,True,Recommended,I Really love the game I recommend it to anyone who wants a nice survival base building experience!,Rust
2017-03-03,0,0,4,False,Recommended,This game is Christian,Rocket League®
2015-05-24,0,0,71,False,Not Recommended,They ruined single player aspect of the game.,Grand Theft Auto V
2016-06-21,1,1,944,False,Recommended,Best. Game. Of. All. Time.,Rocket League®
2018-02-09,0,0,46,False,Recommended,starts game gets food and water travels to market and finds gun and hazmat suit feeling pretty good on being geared up sees airdrop landing in tundra seems risky but whatever arrives underneath suddenly a deer runs past which in return baits a bear straight into me barely survives and the bear luckily seems to trail off airdrop is about to land all of a sudden the server disconnects and shows a connection error can't load into the game for two minutes finally load in to see a chinese speedhacker gun me down and steal my airdropgood game,Rust
2017-07-11,1,4,112,False,Not Recommended,After the second unjustified ban countless crashes along with horrible support and no regard for fan base i can now say that this game is an absolute pile of horse Not just your regular horse either. This game is the ugliest meanest most foul smelling pile of horse you could ever stumble across. Rockstar makes an absolute ing mockery of its fans by constantly urging them to throw more of their ing money into the game whilst still maintaining a piece of ing customer support service. this game. rockstar. Shark Cards. AND TAKE 2,Grand Theft Auto V
2017-04-05,0,0,630,False,Recommended,es el mejor juego,Dead by Daylight
2017-09-18,0,0,205,True,Recommended,Very fun,PLAYERUNKNOWN'S BATTLEGROUNDS
2016-07-05,0,0,170,False,Recommended,Window spamming its stupid asf plz remove some windows and add offerings that give more windows.,Dead by Daylight
2017-11-23,0,0,217,True,Recommended,it has as many problems as your car does and yet we still enjoy driving those things,PLAYERUNKNOWN'S BATTLEGROUNDS
2017-08-01,0,0,155,False,Recommended,It's really a good game. It gives us more freedom. U can do everything if u like. I like this game so much!!!,Grand Theft Auto V
2018-04-20,0,0,1,False,Recommended,Looks Easy but totally opposite while playing O,Rocket League®
2017-05-20,0,0,818,True,Recommended,ICAN'TSTAHHHHP!!!,PLAYERUNKNOWN'S BATTLEGROUNDS
2017-06-22,0,0,2870,False,Recommended,After 2500h game gets boring D,PLAYERUNKNOWN'S BATTLEGROUNDS
2018-07-21,0,0,0,False,Recommended,10/10,PLAYERUNKNOWN'S BATTLEGROUNDS
2018-07-27,0,0,11,False,Recommended,PUBG was a massive game in early 2017 and is still going strong. PUBG is a very fun yet frustrating game there isn't skill based matchmaking so you will be put in with newbies or pros. But would definitely would reccomend this game.,PLAYERUNKNOWN'S BATTLEGROUNDS
2017-06-23,0,0,24,True,Recommended,Played twenty times died twenty times.10/10 would recommend.,PLAYERUNKNOWN'S BATTLEGROUNDS
2018-08-20,0,0,446,False,Recommended,Great game but Dauntless probably has a better server than this,MONSTER HUNTER: WORLD
2018-06-25,0,0,53,False,Not Recommended,game,PLAYERUNKNOWN'S BATTLEGROUNDS
2016-04-27,0,0,77,True,Recommended,FPS...,Rust
2018-01-23,0,0,236,False,Not Recommended,nothing,Grand Theft Auto V
2017-12-25,0,0,172,False,Recommended,good,PLAYERUNKNOWN'S BATTLEGROUNDS
2018-08-02,0,0,7,False,Recommended,A highly enjoyable game easy to play with friends.,Rocket League®
2018-11-24,0,0,102,False,Recommended,too much goodness in one game,MONSTER HUNTER: WORLD
2017-10-04,0,0,151,True,Recommended,lmao,PLAYERUNKNOWN'S BATTLEGROUNDS
2017-11-24,0,0,224,False,Recommended,very good game to play with controller and friends,Rocket League®
2017-10-13,0,0,2077,True,Recommended,Never have I ever gotten as much fun for $20. I have made long time friends in this game and really had the most fun of any game I've ever played. The dev team is hardworking and awesome keep it up!!,Rust
2017-12-19,0,0,1435,True,Recommended,I wouldn't buy this game don't waste your life playing this game. Why? Because seriously you will become addicted to it like CS GO Starcraft you'll find no time to your family. That's why I wouldn't buy this game. Plus first impressions. Its a terrible looking game. No Graphics card on earth can run this game at the moment at a solid 60 FPS all day everyday. Sometime you run around the map doing nothing for the whole game only to get shot in the face from no where. Sometimes its satisfying.,PLAYERUNKNOWN'S BATTLEGROUNDS
2016-05-03,0,0,149,False,Recommended,cepetan discount lagi dong mau beli nih ..,Grand Theft Auto V
2018-11-21,0,0,48,False,Recommended,Best game!,PLAYERUNKNOWN'S BATTLEGROUNDS
2016-09-12,0,0,30,False,Recommended,Very cool game .,Rocket League®
2017-06-19,1,1,123,False,Not Recommended,No Mods GG Take2 doesnt see a difference between Mods and Hacks. Going back to Nico Bellic.Back to San Andreas I'm CJ from Grove StreetLand of the heinous gang bangers and cold heat.,Grand Theft Auto V
2018-10-11,0,0,115,False,Recommended,Its A great game storywise...Its Online Gameplays Sucks.....Its all About shark cards,Grand Theft Auto V
2016-11-29,0,0,94,False,Recommended,Dope,Grand Theft Auto V
2018-08-17,0,0,89,False,Recommended,This is my first Monster Hunter game.While the game isn't perfect it is definately a good game and I had fun playing it.Graphics are excellent overall so is the sound.Gameplay takes a while getting used to but is good once you get used to it. Each weapon plays very differently from another so there is plenty of variety.There are a lot of different monsters in the game which provide a good amount of variety.Storyline is simple and works ok. Don't expect a deep story with complex moral choices.The meat of the gameplay is a bit repetitive find tracks and clues about a monster guiding you to find said monster. Fight the monster and either capture or kill it. Get monster parts to craft/upgrade gear. Repeat.You will see many people complaining about optimization. While I do admit it could be better I don't have any problems playing on max settings except fog and shadow at 1080p. My graphics card is decent. A nvidia 970.Negative points include drop chances on certain items are really really low meaning if you are unlucky in drops you might have to hunt the same monster 10 20 30 times maybe more and still not get what you want.Character detail in some cutscenes seems fairly low.Not everything is voiced over. For an AAA game in 2018 that seems just lazy.No way to pause the game. I could understand in a multiplayer session but when I'm playing alone again that's a lazy design choice.,MONSTER HUNTER: WORLD
2017-07-03,0,0,833,True,Recommended,100% worth it. great game even in Early Access.,PLAYERUNKNOWN'S BATTLEGROUNDS
2017-08-21,0,0,478,True,Recommended,veri gut gmae,PLAYERUNKNOWN'S BATTLEGROUNDS
2019-02-08,0,0,204,False,Recommended,Product received for free. good game but so many HACKERSFIX THIS UBISOFT AND ADD BATTEYE ON THIS FOOKING GAME,PLAYERUNKNOWN'S BATTLEGROUNDS
2018-07-13,0,0,343,False,Not Recommended,Devs seem to never test if updates work past coding constantly the entire game up and not much of this game is ever balanced correctly.,Dead by Daylight
2017-07-30,0,0,536,False,Recommended,The game is great but playing online sometimes turns into loading simulator. Also modders tend to ruin lobbies quite a bit. Singleplayer is amazing though.,Grand Theft Auto V
2018-05-25,0,0,343,False,Recommended,very goood game love it,PLAYERUNKNOWN'S BATTLEGROUNDS
2015-08-30,0,0,186,False,Recommended,A must buy!,Rocket League®
2019-01-12,0,0,50,False,Recommended,A Very gud geim,Rust
2013-12-22,0,0,72,True,Recommended,Very excellent game so far even it's still only on Alpha and getting new updates weekly.Plus +Crafting system+Shooting+ExecutionMinus Way too easy to get raided Some guns looks same on hand Hard to survive properly alone(Not impossible tho)I suggest the game for everyone that are interested of minecraft with guns and better graphics.,Rust
2017-07-28,0,0,21,True,Recommended,Spent the entire game with a frying pan and a pistol with no ammo. Had to swim across the entire ocean. Ran onto the beach like I was storming Normandy. Smacked last player with frying pan. Winner winner chicken dinner.,PLAYERUNKNOWN'S BATTLEGROUNDS
2018-09-26,0,0,1325,False,Recommended,Posting this because of all the negative feedback. This game is amazing. The gameplay is some of the most fun you'll ever have and its so much fun to learn new things to win games. Some people in reviews say ranked isn't worth playing the game for. Casual still exists its just a fact the everyone plays this game for its competitiveness not its casual game modes.,Rocket League®
2017-11-15,0,0,262,True,Recommended,Product received for free. very good game,Rust
2017-10-12,0,0,139,True,Recommended,Yeah the server stability can be absolute most of the time. But the tense gameplay and addicting feeling when you're in the elusive 10 left alive makes up for it. I'm sure that improvements are on their way just hang in there.,PLAYERUNKNOWN'S BATTLEGROUNDS
2017-06-15,0,0,82,False,Not Recommended,mods banned,Grand Theft Auto V
2018-09-28,1,2,45,False,Recommended,Best loading screen simulator on the market.,Grand Theft Auto V
2018-08-10,0,0,164,False,Recommended,If you intend to play with friends that is not currently viableAfter an entire day of playing we may have successfully finished 3 or 4 quests without anybody (or most often everybody) getting disconnected.EDIT Game became much more stable and playable in a group. Getting into that group is a little odd. But as a Monster Hunter fan I'm happy with the game as a whole.,MONSTER HUNTER: WORLD
2018-11-23,0,0,16,True,Recommended,Love this game with all it has so far. Tons of potential. Met the devs at PAX who were nice and had a fun booth which makes me like the game even more. Really fun to play with other people but great and relaxing to play solo. Art style is fun and bubbley soundtrack is quite nice as well. This a game that I really hope continues to get love and support from the Devs. I will say the only major con is that it's rather easy finish building everything and move to your next planet with the major differences in planets being distribution of resources. This con can easily be attributed to the game still being early in development. Can't wait to see more from these guys in the future.,ASTRONEER
2017-06-24,0,0,369,False,Recommended,Good stuff,Rocket League®
2017-08-08,4,2,468,False,Recommended,Spent 1 and a half hours waiting for people to join my Heist finally 1 person joined. I started to celebrate and wait for more people only to realize that they left immediately. 15/10,Grand Theft Auto V
2017-11-24,0,0,953,True,Recommended,Love This Game *_* Best Game To Play With Friends ),PLAYERUNKNOWN'S BATTLEGROUNDS
2017-06-20,0,0,133,False,Not Recommended,Bad move.,Grand Theft Auto V
2017-06-18,0,0,108,False,Not Recommended,Don't support Take Two. Modding is at the heart of the PC gaming community and Take Two has taken that away for their own financial benefit.,Grand Theft Auto V
2016-06-20,0,0,170,False,Recommended,Love it ! Dev need to fix few things and I do belive they will over time ! Didint have fun playing games like I have in here for a long time !,Dead by Daylight
2019-01-29,0,0,77,False,Not Recommended,developers should work on recoil system of gunsits trash,PLAYERUNKNOWN'S BATTLEGROUNDS
2016-11-24,0,0,754,False,Recommended,Spent too much time with this. Don't regret it.,Rocket League®
2015-10-17,0,0,12,False,Recommended,Fifa+ Twisted Metal+ Volleyball+ Pool+ Electronica music+ Snake shots and trickery+ Colorful cars Rocket League,Rocket League®
2017-01-30,0,0,77,True,Recommended,need players,ASTRONEER
2016-06-24,0,0,1859,False,Recommended,Game and all DLC worth it. Almost 200 hours!EDIT Almost 400 hours and still going. This game is worth it.EDIT 600 Hours? Addicting!EDIT 1000+ hours and you still feel like you suck.,Rocket League®
2016-07-08,0,0,56,False,Recommended,Fun to play as the survivor needs some balancing but I think it is pretty well balanced in most areas.,Dead by Daylight
2017-06-23,0,0,4,False,Not Recommended,oi bois stop the not mods u fook wad. ,Grand Theft Auto V
2018-07-06,0,0,631,False,Recommended,As pure as pure can be.,Rocket League®
2017-12-10,2,4,39,False,Not Recommended,Loading Simulator 2015,Grand Theft Auto V
2018-08-09,3,28,9,False,Not Recommended,&gt console game&gt no controller support,MONSTER HUNTER: WORLD
2017-12-17,0,0,16,True,Recommended,game made me want to jump of a cliff ),Rust
2017-07-05,0,0,501,False,Not Recommended,PLAYERUNKNOWN'S BATTLEGROUNDS This is the game of battle royale where you loot all the good stuff and give it away to your enemy later on. Good stuff 9/10UPDATE Ti's a good ol' game but this son of a already served its time. The game today runs good but I doubt the developer knows how guns work. Bullets flies everywhere like me in the morning taking a Hackers still are around. Anyway it's time to stop playing this Did I say good stuff? No I'm taking it back. Put back the old recoil remove those hackers put on the god damn new map already and I will change my review.,PLAYERUNKNOWN'S BATTLEGROUNDS
2016-06-17,0,0,39,False,Recommended,English is not too will this is a Machine Translation evaluation of some of the wrong place I feel sorryI think the game is very happy but as a horror game I feel that the horror of the survivors is not enough.I have some ideas for the survivors of the game to improve the sense of terror and tension hope that developers can be improved The sense of substitution of the third person to tell the truth is not too high so when playing for a while and then will feel the game and not a terrorist the less a lot of funIf the general view becomes the first person to turn the third person into a detection skill may be more frighteningAnd then the butcher caught people can add a variety of sudden dynamic visual angle of shock action so that I think it might be more fun,Dead by Daylight
2018-06-22,0,0,14,False,Not Recommended,this game has made over $700 million dollars and is still not optimized. whats the in problem m8?,PLAYERUNKNOWN'S BATTLEGROUNDS
2017-12-01,0,0,1,True,Not Recommended,This Game Is Just Trash I Am Sorry.The Lack Of Choosing A Character And The Fact I Would Just Like To Play Just By Myself Is Just Too Much Too BareIf You Want This Game Get It But I Disliked It So If YOU Get It And Hate It Just Remember 'I Told You'Waste Of My Money I Couldn't Refund This Either Due To It Being Bought By Me Before The Refund System,Rust
2017-10-27,0,0,708,True,Not Recommended,垃圾游戏 不仅画质渣 而且官方对于外挂使用毫无作为,PLAYERUNKNOWN'S BATTLEGROUNDS
2016-01-22,0,0,114,False,Recommended,very good way to break controlers when you lose in o.t..... 10/9 Buzzfeed,Rocket League®
2016-04-29,0,0,158,False,Recommended,Puusti,Rocket League®
2016-10-02,0,0,562,True,Recommended,Sit back and stone every1 ),Rust
2014-03-22,0,0,172,True,Recommended,This Game is soo much fun and I would recommend it to people that enjoy minecraft and are looking for a step into 3D pvp and building,Rust
2018-08-18,0,0,39,False,Not Recommended,Online disconnects constantlyTextures are buggedEndgame has a save wiping bugBut the game itself is good.,MONSTER HUNTER: WORLD
2016-04-25,0,0,0,False,Not Recommended,You play 2 hours of entertainment then you get bored. This game should have a lower price.,Rocket League®
2018-11-22,0,0,156,False,Recommended,Easy game 10/10 would play again,Rust
2017-06-15,0,0,242,False,Not Recommended,Do not buy this game and support Take Two's utter BS. They have made it clear that they do not care about their consumers and that if you buy their game you have zero right to change anything about it for personal singleplayer enjoyment. Not to mention how cancerous the online already is. Pay real money for everything and still have hackers kill you every time you spawn. Oh and pay $60 for that enjoyment? . Off.,Grand Theft Auto V
2015-08-14,0,0,113,False,Recommended,i like it,Rocket League®
2018-04-04,0,0,234,False,Not Recommended,Servers are busy,PLAYERUNKNOWN'S BATTLEGROUNDS
2018-08-15,0,0,264,False,Recommended,dsadasdsadasdas,PLAYERUNKNOWN'S BATTLEGROUNDS
2017-06-18,0,0,564,False,Not Recommended,Fix the real problems before you us and the Modding community.,Grand Theft Auto V
2018-11-29,0,0,11,False,Not Recommended,You can get banned even when not cheating. Excuse me what the is that. I give money for play this Rockstar.,Grand Theft Auto V
2016-11-24,0,0,15,False,Recommended,Give it a try you should really give it a try. This game is addictive. Play with your friends it's even better that way.,Rocket League®
2017-06-15,0,0,33,False,Not Recommended,R* you've truly shot yourself in the foot here. Enjoy.,Grand Theft Auto V
2017-06-27,2,2,1036,False,Not Recommended,Seriously. Hackers everywhere Loading everywhere Lazy devs everywhere. Good game but horrendous UI and lack of creativity recently. Story mode gets NO attention whatsoever,Grand Theft Auto V
2018-10-20,0,0,73,False,Recommended,Big fan of this game on the PS4. Saw a ton of complaints about various issues on the port for PC. If you at least have a GTX970 you're good solid 70 frames on medium high settings. As for the keyboard mouse problems I have nothing. Keyboard+Mouse controls are perfect the controls have been fixed and I experience no input lag whatsoever. Great game hopefully it crawls back into the positive review status soon,MONSTER HUNTER: WORLD
2018-07-25,1,5,377,False,Not Recommended,I cant even escape as a solo survivor player since this patch release. I think I should play killer in this patch.,Dead by Daylight
2018-11-24,0,0,18,False,Recommended,ez,Rocket League®
2018-07-09,0,0,290,False,Recommended,Awesome game . I love it &lt 3,Grand Theft Auto V
2017-07-04,2,2,264,False,Recommended,Product received for free. kinda good but alot of hackers online,Grand Theft Auto V
2018-07-23,0,0,1203,False,Recommended,Just buy it,Grand Theft Auto V
2016-06-08,0,0,752,False,Recommended,Full of LAfull of peoplefull of missionsfull of easter eggsfull of storylinefull of activitiesfull of good graphics/texturesFull of fun timesFull of game modesFull of noobsFull of kidsFull of hackersFull of loading screenFull of errorsFull of glitchesFull of nonsenseGreat game,Grand Theft Auto V
2016-01-07,0,0,617,False,Recommended,This is the review of the pros and cons on Grand Theft Auto.Pros good gameplay and storyonline is always fun even without a friendcan make 12 year old kids cry from sniping themkill yourself with a gunCons some hackersframe drop rarely can get kinda repetitive on the heist.So to sum it up it's 10/10 would kill little squekers again.,Grand Theft Auto V
2016-04-30,0,0,726,False,Not Recommended,This game is absolutely amazing..... however dont buy this unless you have a group of friends that will play with you consistently because this community is the biggest piece of i have ever seen. i rarely get a game with someone who is nice and everyone will chirp you over the smallest mistake even though they will make the same ones... didnt know that everyone on here was a pro....,Rocket League®
2015-08-15,0,0,3646,False,Recommended,In the past I played a lot of Turbosliders and people created a great mod for it called Punaball.It was very addictive and you can see a goal compilation here https //www.youtube.com/watch?v YFrDBrbmT3QUnfortunately this game got never the attention it deserved.. To play Rocket League is like a wet dream come true!!!10/10,Rocket League®
2017-02-25,0,0,410,True,Not Recommended,Stop adding more stuff and fix the freaking bugs.,Rust
2018-01-31,0,0,256,False,Recommended,Great Game by far would recommend to any steam user.,PLAYERUNKNOWN'S BATTLEGROUNDS
2017-07-04,0,0,227,True,Recommended,Very worth haha even tho its not on sale,PLAYERUNKNOWN'S BATTLEGROUNDS
2017-03-26,0,0,470,True,Recommended,Get it just don't expect the world from an EA survival shooter. Currently only solo/duo and squad with no other game modes and your rewards are chests you unlock by obtaining points. The amount of which is determined by kills/rank. Top 10s usually get you 500 and wins over 1000 points if you are active in the game. Hit detection(possibly lag) is an issue and stability of the game servers are average at best currently. Optimization could use work but not so bad where you are losing serious fps. If everything is going smoothly easily one of the best survival shooter/battleground games out. Personally have had some really fun melee fights and some intesnse gun fight. Gunplay reminds me a lot of Socom 2/3.,PLAYERUNKNOWN'S BATTLEGROUNDS
2018-09-07,0,0,1706,False,Recommended,Product received for free. Best Game Ever &lt 3,Rust
2015-02-22,0,0,335,True,Recommended,lovely deary,Rust
2017-06-27,0,0,133,True,Recommended,When playing with friends you can try to be tactical and win or just team kill if you get annoyed. 8/10 needs valuting,PLAYERUNKNOWN'S BATTLEGROUNDS
2017-12-25,0,0,48,False,Recommended,6/10 Annoying Salty Players but gameplay wise very good and the realism is spot on.,Rust
2018-04-06,2,1,28,False,Not Recommended,Well you see I don't have much play time on this game but I can give a solid review. In my short 4 hours this game has caused nothing but frustration. I actually enjoy the gameplay but I find it impossible to join my friends servers. I constantly get connection errors and can never join servers my friends are on. I did some research online and after trying to get answers on how to fix this problem nobody helped. If anything this research convinced me that every rust player was a braindead lizard. What I'm trying to say is don't buy the game.Reguards Opie,Rust
2015-08-14,0,0,252,False,Recommended,Two words Rocket Cars,Rocket League®
2018-01-29,0,0,65,False,Recommended,fun as hell even if the new pig killer is op af,Dead by Daylight
2017-04-05,0,0,143,True,Recommended,Very addictive. Lots of fun. Some animations and graphics are still in no way complete.Edit After a few months the game still holds up. New content is constantly being added. My only complaint is that the game is still somewhat glitchy.,PLAYERUNKNOWN'S BATTLEGROUNDS
2018-07-17,1,1,1222,False,Recommended,Last few months I play mainly PUBG it is a great game with great combat and with a lot of possibilities. But there are few things that drive me crazy happened a lot of time and it is really really bad 30% of matches are unplayable because this things (yes I am making a list because there is a lot of problems) crashing game most of times it is when someone knocked me sometimes it is just random not connecting to the match I see loading screen but hear pubg music and then i know that the game will not connect me to the match I have to restart the game and try to reconnect bugged looting sometimes when I loot i cant pick anything for like 2 minutes my teammates see me standin at one place and just moving around bugged matchmaking sometimes you everyone is ready but matchmaking wont start bugged parachute cutting by pressing F is not working bugged door opening/closing sometimes the animation is not shown sometimes you can see floating guns and you know that someone was there before NETWORK LAG? DESYNC main problem causing a lot of nonsense deathsI am still enjoying the game bot i dont know for how long...,PLAYERUNKNOWN'S BATTLEGROUNDS
2017-10-26,0,0,1290,True,Not Recommended,it s a great game and it s hot sell I think bluehole need to do something to those hackers first than anything like how to make this game more better A good experience is more important than anything Just watch the H1Z1 and some other fps game how they fall I m SO confused is that so hard to find the hackers just watch the K/D the longest shoot hackers are really unreal those who can headshot someone by1000km those who can kill 20+ people every game just ban there ip and mac ip this is a letter from a simple player who loves pubg hope u can do something right now,PLAYERUNKNOWN'S BATTLEGROUNDS
2018-09-24,0,0,64,False,Recommended,This is an amazing game! I have always wanted to play it since it came out and since its free for a week I was able to play it before I bought it. I bought it this week and have been loving it.,Dead by Daylight
2017-06-30,0,0,555,True,Recommended,I plai dis. my name jeff,Rust
2017-06-23,0,0,0,False,Not Recommended,Just out of spite I wouldn't buy this game if I was paid to.Buying this game supports the move to kill the modding community. Buy on a console if you don't care about mods. But if you do and you should as a PC gamer do not buy and demand a refund if you did.,Grand Theft Auto V
2016-11-27,0,0,37,False,Recommended,The ultimate open world sandbox amazing game and lots of fun side missions and a massivly detailed world to explore.,Grand Theft Auto V
2015-07-26,0,0,590,False,Recommended,Simply the best game ever &lt 3,Grand Theft Auto V
2019-01-02,0,0,558,False,Recommended,After 500 hours I can say that I still enjoy this game however solely when played with friends. All the bugs have been fixed but at the end of the day those same bugs at the beginning were what made this game as fun as it was. Currently the lead game in the battleroyale genre for sure.,PLAYERUNKNOWN'S BATTLEGROUNDS
2018-04-10,0,0,1298,False,Recommended,GOOD,PLAYERUNKNOWN'S BATTLEGROUNDS
2016-02-23,0,0,27,False,Recommended,My favourate game,Rocket League®
2018-07-10,0,0,817,False,Not Recommended,FIX THE GAME MAN PUBG ITS SOO GOOD BUT THE LAGGING MAKE ME HATE TO PLAY IT,PLAYERUNKNOWN'S BATTLEGROUNDS
2017-10-09,0,0,424,True,Recommended,very fun with people. theres discord groups where you can find friends to play with.,PLAYERUNKNOWN'S BATTLEGROUNDS
2018-10-16,0,0,869,False,Recommended,I like this game its very very addictive has great replayabilty and has a very wide skill level .... but .... its got worse over the years imo.One of the essential things in MP gaming is to have decent servers I can't say that Rocket league does so be prepared to rage and to be raged at whilst u cannot figure out why you randomly get really bad ping whilst ure playing some days its fine .. then the next ure screwed no matter how many time u restart ure pc &amp internet connection Initially tried to combat this by limiting the servers to the EU and then by turning cross play off .... made no difference n its only this game that in my steam list that I get connection issues with? The only fix i found is to forget about it and find another MP game on ure library in the mean time.The items that u get in game well tbh dont really matter as they have no effect on the gameplay at all.They have added a rocket pass where u can gain a whole load of items that u cannot delete or even even trade in to get a better item if u dont particularly like the ones u got ure just forced to keep them / The only trading ure gonna get any fun out of this game is if u put ure hand in ure pocket big time. Every now n then psyonix holds events where u can acutally select the items that u wish to purchase using the in game currency that is provided at that time this is great but Im finding that it just serves to remind me how bad the connectivity in the game is probably just cos im playing it more.Also more new updates have been added that include a annoying flashing big icon on the screen reminding you how badly the connectivity of the game is programmed / when ure trying to concentrate on what u are actually trying to do a big flashing light is not helpful or very user friendly u cannot turn this off / Also you cannot play dropshot/rumble/hoops/snow causually any more?? I love that you can now play it ranked but to take it away from casual is plain stupid Its had the effect of people in my party not wanting to play it as they are all at different skill lvls not being able to play it causully any more means they no longer have a enviroment to practice and get better unless they play by themselves / I hope they bring this back.Saying all that tho I keep coming back to the game as it is a very unique game sure there are a load of driving and football games out there but when u add that together its bloody good fun and a crazy mix that can give u a load of laughs. I Wish they would just invest a bit more in decent connectivity its sad to say but if they released a DLC that purely guaranteed u a decent connection every game I d probably buy it cos the game is that good! It feels like psyonix created a great product but are willing to let the money talk rather than fix the issues. At the end of the day for 15 ....... ure gonna have a blast n will deffo gonna get ure moneys worth even with all its server issues .... but if u want any of the extras ... ure gonna have to put ure hand in ure pocket and gamble it on the roulette or spend hrs on trading forums.,Rocket League®
2018-01-03,0,0,187,False,Recommended,Its a nice game! its still a beta version but its good i highly recommend this to everyone!,PLAYERUNKNOWN'S BATTLEGROUNDS
2015-07-31,0,0,259,False,Recommended,WWWWWOOOOOOOOOOOOOOOOOO!!!!!!!!!!!!!!!!!!!!!!!!!!!!!,Rocket League®
2018-11-17,0,0,231,False,Recommended,"TL DR at the endMHW definitely has its problems in the form of the elder dragon ""Connection Lost"" but the developers are taking steps to fix this and I'd say they are 70% of the way there. I am certainly disconnecting less than on launch. I believe part of the problem was people running mods such as the transmog mod who were therefore on a different version of the game. I had trouble connecting with a friend until he disabled the mod. The game has recieved regular updates which is nice and the upcoming events provide motivation to keep playing. The game itself takes as long as you want to complete. You can pace yourself and try to get every bit of armour which is possible considering the 1000 slots of armour inventory space you are given. Alternatively you can rush through the main questline and get to the 'endgame' as soon as you want. The weapon choice oh boy! 14 weapon types and an expansive upgrade tree for each weapon means you will not struggle for choice. Having mucked around with most of the weapons each weapon feels unique with some weapons having overlap (lance/gunlance) but enough characteristics to separate them from each other.Getting to the endgame is more than just completing the main questline however there are several hunts that will test whether you deserve to progress notably a tempered Kirin which has been the bane of many an unsuspecting player.Now I am going to get on to the graphics. This was done with a Ryzen 5 1600 stock speeds DDR4 Memory at 2800MHz and a GTX1060 then 1070ti. Resolution is 2560 by 1440p.I used to run a 1060 6gb (EVGA SSC if you are curious) and the game looked OK but I had to rein in the graphics in some areas and certain fights dumped my fps to around 15. Now when I upgraded to a 1070ti only then could the game really stretch its legs and more importantly only then did the sudden fps drops stop. The game seems to not be too dependant on video memory but more on other gpu resources such as cuda cores clore clock. IMO if you have a GTX980+ GTX1070+ or their AMD counterparts you will be able to enjoy the game at its fullest. otherwise you will have to compromise.Side note for those not aware a 1060 3gb has had its cuda cores etc cut from the base 1060 6gb so it is a less powerful card not just a lower memory card. This is why I find the recommended graphics of mhw to be a bit misleading since some zones/fights will torture a card with low memory and performance.As for the resolution yes this is higher than most people's 1080p monitors. However with more and more monitors becoming higher resolutions I believe that people who upgrade from 1080p to a higher resolution should see what to expect from their card if they dont upgrade it.TL DR1)Connection is still a problem but much smaller in my experience.2)Combat is great fun with lost of monsters weapons and armour to choose from.3) Plenty of stuff to do from investigations to events to weekly bounties. There is always something to occupy you.4)The game is pretty if you have the hardware to run it (1060 3Gb will probably be fine sub 1440p at 1080p on medium graphics)",MONSTER HUNTER: WORLD
2017-05-25,0,0,25,True,Recommended,A bit buggy as of now but very enjoyable.,PLAYERUNKNOWN'S BATTLEGROUNDS
2018-04-06,0,0,43,False,Not Recommended,Its lame,Rust
2015-11-24,1,1,0,False,Not Recommended,Da lag is REAL,Rocket League®
2019-01-05,0,0,150,False,Recommended,GTA V may be old but the game just doesn't get old at all. The huge story and grand overworlds give the player so much freedom and such freedom is appreciated. Committing crimes you never would do in real life is an interesting concept and brings the worst out in our virtual selves but manages to be a blast in game. Along with this an active online community for this game exists so if you get bored of offline you can always do a heist or a race with some randoms. Along with this the modding in this game is very nice and just grants the player with an insane amount of freedom beyond the status quo. This game is fantastic and by giving the players full control of their actions in game it creates a dynamic environment that makes this game addicting.,Grand Theft Auto V
2017-06-27,0,0,117,False,Recommended,Product received for free. I personaly love this game ! For hours of fun when playing with friends ! (not payed to say this xD ) love the game ! have no problems with the game . Really fun would recommend the game if you have a ok pc or laptop,Rocket League®
2017-11-24,1,1,112,False,Not Recommended,Hella funbut,PLAYERUNKNOWN'S BATTLEGROUNDS
2017-09-20,0,0,652,True,Recommended,Nice game great hearth pumping moments playing it. Better with friends! Recommend.,PLAYERUNKNOWN'S BATTLEGROUNDS
2017-06-15,0,0,86,False,Not Recommended,Idk what's going on I just wanted to jump on the bandwagon,Grand Theft Auto V
2016-04-14,0,0,505,False,Not Recommended,"Overall it's one of the best games ever.But it has some serious flaws.Regarding single player story mode... it's up to expectations and even above them. At the end of the last mission the one must be very sad because there's no more missions left.But that shouldn't be a problem because where story mode ends on line expirience should continue.""SHOULD"" continue if server is smart created and working as it's meant to.EDITED on December 3rd 2016 Okay the game is now better... updates fixed some known issues but the ""hacker wannabe"" one (read cheaters!) is still ignored. They're massively banned from time to time but it's pointless as multiple reportes of ""cheaters"" made by other players didn't make any change. Many cheaters talk about it publicly without any consequences. Even more insane is the fact that ban wave more often hurts innocent players without ANY mods installed ever!If you're up to idea to ask Rockstar for support in this regard good luck... you'll need it.I'm dead tired of tons of updates every month but non of them with purpose to deal with number of functional issues that game has. So if one day Rockstar do something with online playability I'm going to change my review in no time.",Grand Theft Auto V
2016-11-24,0,0,145,False,Recommended,i love this game it is tons of fun for you and your friends to just sit back and have the crap scared out of you lol,Dead by Daylight
2014-07-03,0,0,273,True,Recommended,"95% of the people you meet will kill you regardless of your progression on the server. Its sad but in my first 10 hours of Rust I was killed after looting a town by two guys. I was very ed as I was hoarding my supplies and good weapons. I typed furiously in chat how much of a ing those guys were and asked why they killed me for no reason. The one guy pointlessly boasts his hours played and other random crap but the thing that stuck to me was when he said ""Well welcome to Rust. What did you expect?"" At that moment it clicked and I was no longer mad at the guys for ing me over my stuff. I spawned back at camp and went about my way. Point being you will be killed for no real reason you will lose hours worth of collecting in minutes and you will be betrayed. Its a game based on survival so don't expect everyone to be friendly or even leave you alone. I love the game and have 70+ hours clocked and atleast 80% has been for nothing (raided killed etc.)What you need to ask yourself is wether you are ok will losing everything spawning back with a rock in one hand a torch in the other a couple bandages in your pocket and doing it all over again.",Rust
2016-11-25,0,0,736,False,Recommended,Its GTA need I say more! D,Grand Theft Auto V
2017-09-10,1,1,225,False,Recommended,I say this game is amazing! The graphics are great! The only issue is that solo queuing is one of the hardest things to do in comp... Other than that this game is worth getting! I rate 11/10.,Rocket League®
2017-04-16,0,0,481,False,Recommended,One of the best games i have ever played.,PLAYERUNKNOWN'S BATTLEGROUNDS
2018-08-09,0,0,12,False,Not Recommended,I do not understand how in this day and age a game comes out without 21 9 support...Seriously wtf were you all thinking.,MONSTER HUNTER: WORLD
2018-02-07,0,0,604,False,Not Recommended,They make the ban for nothing.,Rust
2014-08-11,1,2,24,True,Not Recommended,Why I was banned?I didn't play the rust so much time i am just set there sometimes play with friends Today i can't join server because my rust was banned at the vac?tell me why (,Rust
2017-06-19,0,0,218,False,Not Recommended,F**K These Guys ....TakeTwo just killed the best game ever,Grand Theft Auto V
2017-11-27,0,0,168,False,Recommended,coolio,Grand Theft Auto V
2017-11-27,0,0,459,True,Recommended,Amazing game with great potential. I would buy this game if you are able to just make sure your PC can run it or make sure you can handle it yourself.,PLAYERUNKNOWN'S BATTLEGROUNDS
2016-12-22,0,0,196,False,Recommended,awesome game keep up the good work. best horror game there is atm D XD !,Dead by Daylight
2018-06-24,0,0,24,False,Recommended,At first I was frustrated with the way you control the car. It can take some hours to get the hang of changing the camera so that you don't get stuck.After I got used to that I simply love it I feel like I'm improving my game and having fun every match.It does feel like the golden age of internet gaming no distractions just fun!9/10,Rocket League®
2017-11-08,1,1,55,True,Recommended,"random chinese people *yelling to their mothers swearing trying to order food at the same time talking to other chinese people too*random russian guy ""follow me i'm a snake"" noob ""let's just not kill each other""random black guy *n word all around* random polish and german people *probably cussing out people too**gets punched once* GAME OVER BETTER LUCK NEXT TIME*gets shot at 10 times* 20% health Dis game is too good",PLAYERUNKNOWN'S BATTLEGROUNDS
2017-07-17,3,2,269,True,Not Recommended,i like killing i hate running from blue,PLAYERUNKNOWN'S BATTLEGROUNDS
2017-06-15,0,0,285,False,Not Recommended,It WAS a really good game. However part of the fun was the Single Player and part of the SP was Mods. With Take Two cutting out part of the experience to bolster microtransaction sales this game just ain't good.,Grand Theft Auto V
2016-07-12,0,0,93,False,Recommended,great game,Grand Theft Auto V
2016-08-23,0,0,202,False,Recommended,I highly recommend this game as a form of stress relief.,Grand Theft Auto V
2018-02-11,0,0,330,False,Recommended,i Love Rust XD,Rust
2016-03-29,0,0,240,False,Recommended,I learned how to drive from this game.,Grand Theft Auto V
2018-11-23,0,0,73,False,Recommended,Very nice game,Rocket League®
2016-12-03,0,0,1537,False,Recommended,Its a way of life now. Best game I've ever played best developers I've ever seen. Kudos Psyonix.,Rocket League®
2014-02-03,0,0,86,True,Recommended,It's like minecraft except with shirtless dudes and machine guns. 10/10,Rust
2017-05-19,0,0,855,True,Recommended,GREAT GAME BABY,Rust
2015-01-09,0,0,758,True,Not Recommended,Ok this game has its up and its downs. It has good graphics but people will greif u and break down ur doors dont trust anyone.This guy i thought was a friend snuck into my house while i was hunting authoized himself later went into my house and stole everything a nd looted me.,Rust
2017-12-21,0,0,413,False,Not Recommended,not working,PLAYERUNKNOWN'S BATTLEGROUNDS
2015-09-18,0,0,1022,False,Recommended,BEAST GAME 200+ hours in only 2 months. 100% worth it,Rocket League®
2017-06-15,0,0,263,False,Not Recommended,Online is pay to win and now its illegal to mod the single player campaign.,Grand Theft Auto V
2015-06-02,0,0,120,False,Recommended,A true masterpiece possibly the greatest game of all time in terms of graphics. game play and fun!!!!! 10/10,Grand Theft Auto V
2018-11-25,0,0,43,False,Recommended,Love this game to death MUST BUY TO EVERYONE!,Grand Theft Auto V
2017-06-15,0,0,453,False,Not Recommended,The reason I wanted this game is to mod it and now you want to take that from me? off Take Two I will not stand for this! I paid 60 to mod becuase im definitely not playing your pile of also known as GTA online! off Take Two.,Grand Theft Auto V
2017-11-23,0,0,49,True,Recommended,10/10 MAMAZING GAME Fun gameplay and graphics,PLAYERUNKNOWN'S BATTLEGROUNDS
2018-08-22,0,0,250,False,Recommended,great game! connection issue has fixed to be better but still dc ing once in a while,MONSTER HUNTER: WORLD
2014-01-21,0,0,374,True,Recommended,this a great game fun for play around and gets a nice feeling when you let a new spawn go.this game is for fun with friends 0r not. each time is a new experince,Rust
2015-12-15,0,0,377,False,Recommended,pretty good,Grand Theft Auto V
2017-08-28,0,0,1349,True,Not Recommended,BEWARE BEWARE!!!!!!!!!!!!!!!!I can no longer play the game. Every match i get in it crashes. locks up my whole computer. I have to hard reboot every time i try to play. If a game can hijack your computer it should be deleted. This game is evil. cannot get game to play anymore.,PLAYERUNKNOWN'S BATTLEGROUNDS
2016-05-18,0,0,198,False,Recommended,Product received for free. Fun with a great storyline and multiplayer,Grand Theft Auto V
2017-04-13,0,0,83,True,Recommended,Way better than H1Z1,PLAYERUNKNOWN'S BATTLEGROUNDS
2017-03-23,2,3,475,False,Recommended,Oh camper camperhow was I supposed to knowyou covered creaky door 10 camper out of 10,PLAYERUNKNOWN'S BATTLEGROUNDS
2017-09-12,0,0,2049,False,Recommended,best game ever,Rocket League®
2015-09-07,0,0,1,False,Recommended,good but better on console,Grand Theft Auto V
2015-04-17,0,0,12,False,Not Recommended,complete waste of time... bad port from console. They made absolutely NO effort to ensure playability for the PC. It runs poorly (compared to games of equal qraphical quality) and it takes FOREVER to load. AVOID... or at least wait until its under $10. Not worth a penny more.,Grand Theft Auto V
2017-08-05,0,0,725,True,Not Recommended,"Fun game.. UNTIL the recent changes. Added this bull slowed down looting system which makes it impossible to loot/reload at the same time or even pick up multiple items quick.. If they want this game to be a fun game they need to learn to make it fast paced.They also promised not to add micro transactions until it was fully released for console etc..now they implemented keys so they can make more money..Also the way they have been banning people without proof with ""stream sniping"" accusations... Its disgusting.This game creator is ultra politcally correct and that's what's wrong with this world.Look into ""dr disrespect banned"" on google and you'll understand.",PLAYERUNKNOWN'S BATTLEGROUNDS
2018-11-24,0,0,298,False,Recommended,Great Game.,MONSTER HUNTER: WORLD
2016-11-24,0,0,91,False,Recommended,hell of a game!,Grand Theft Auto V
2015-05-04,0,0,31,False,Recommended,THE BEST,Grand Theft Auto V
2014-01-04,0,0,5,True,Recommended,A great game very frustrating the first few nights when you know nothing about how to play but as you get the hang of it... well time just flies... played for 5 hours without realizing even 1 had gone by. So overall great game and I recomend to any who like open world survival types of games,Rust
2016-11-23,0,0,40,False,Recommended,Tons of fun. Takes a lot of time to get good but matchmaking is so good you always play people at your skill level.,Rocket League®
2016-06-06,0,0,272,False,Recommended,Decent.,Grand Theft Auto V
2017-12-15,2,1,329,True,Recommended,Noice Game little bit glitchy but best game to be played with frnds&lt 3,PLAYERUNKNOWN'S BATTLEGROUNDS
2017-09-19,0,0,502,True,Recommended,good so good.,PLAYERUNKNOWN'S BATTLEGROUNDS
2017-06-24,0,0,416,True,Recommended,Best battle royale style game out there.,PLAYERUNKNOWN'S BATTLEGROUNDS
2014-08-02,2,2,153,True,Recommended,I can easily see myself playing this game every day.Rust is a sandbox survival title set on an irradiated island covered in deadly animals. To truely succeed in Rust it's indefinately more helpful to have just one more person with you. Even with the recent move to the steam market I can still understand the reasons behind it besides just making money (such as distinguishing clan uniforms etc),Rust
2018-06-20,0,0,297,False,Not Recommended,battlepass lol,PLAYERUNKNOWN'S BATTLEGROUNDS
2018-02-07,0,0,7,False,Recommended,Honestly the best game i have seen using a soccer ball i love it the mechanics being able to do splitscreen and its really fun. 10/10 i would reccomend to play again.,Rocket League®
2017-07-24,0,0,617,True,Recommended,love it but please ban those who kill their teammate. i was killed 10x ( im a good person ( but why they killing me? (,PLAYERUNKNOWN'S BATTLEGROUNDS
2017-06-15,0,0,44,False,Not Recommended,I would have recomended this game to anyone but the mods made the single player fun!,Grand Theft Auto V
2015-08-16,0,0,22,False,Recommended,what a nice game,Rocket League®
2018-07-13,0,0,949,False,Not Recommended,I was addicted to the game not anymore bad netcode.,PLAYERUNKNOWN'S BATTLEGROUNDS
2016-11-23,0,0,1662,True,Recommended,just one of the best survival game ...,Rust
2017-12-24,0,0,13,False,Recommended,laggy and buggy,PLAYERUNKNOWN'S BATTLEGROUNDS
2015-02-03,0,0,108,True,Recommended,Survival Game like Minecraft but with better graphics and much more realistic! The reason why it's buggy is because it's Alpha but it's still not very buggy.,Rust
2017-10-18,0,0,25,True,Recommended,I personally think this game is pretty good but as far as overall score goes I give it a 6/10 here's why Pros Great with your friends if you want to spend the night gaming Great player match system it fits to your skill level Although combat does not have a whole lot of variety it is enjoyable to fight other players in a tight space which is usually where you will fight Map is nice and spacious for 100 players it does not at all feel claustrophobic like a lot of other similar games did Gets you on the edge of your seat and really feels rewarding when you get your chicken dinner especially in squad play One of the better Early acess games I have playedCons Weapon damage is inconsistant I have shot a person with a shotgun in the chest on two ocassions and they weren't wearing armor and one died instantly the other took three shts and they killed me in a couple with a pistol (starter weapon) Not a lot of variety to guns for the game it is nor attachments. You have to play this game on low graphics or you won't see S**t and get killed by players that will for sure see you in a field Little variety on vehicles there is only 3 MICROTRANSACTIONS (but honestly it isn't that big of a deal you don't get anything out of the crates anyways) Graphics sometimes don't load properly when you first drop (can be bad in a hot zone) and the game crashes ocassionally Chinese Players always are the hackers in the gameI don't have that much claim because I have less than 50 but overall wait till launch so they can Iron out the kinks in the game and shape up their buisness practices. Don't listen to too many people on here this is an early acess game after all.,PLAYERUNKNOWN'S BATTLEGROUNDS
2017-11-18,2,3,442,True,Not Recommended,The hype for this game was unreal. Now its turn to ing poor optimization cheaters everywhere more bugs than a tropical rainforest ing microtransaction in early access even tho the developer said that there wont be any.With all the money theyve racked up from the million of players youd think that they would do something about it. But no they dont give jack I was gullible enough to believe that they would improve but until so this game to bits. Just wait till it leaves early access.,PLAYERUNKNOWN'S BATTLEGROUNDS
2017-12-26,0,0,799,True,Recommended,not bad,Rust
2018-01-15,0,0,272,False,Not Recommended,Going to fast,PLAYERUNKNOWN'S BATTLEGROUNDS
2018-06-22,0,0,168,False,Not Recommended,It's a no from me dog,PLAYERUNKNOWN'S BATTLEGROUNDS
2016-12-03,0,0,234,False,Recommended,Pro Quick Fix To Rage Quitters + PS2/PC Integrated + Rockets Cars + Graphics + Free Rumble ModeCon DLC + Unlock KeysI wish there was a way to go back to playing against new players and rookies that way when I try to introduce this game to a friend he does not have to play against experts!This game is much better than it looks!,Rocket League®
2017-06-15,0,0,115,False,Not Recommended,Loved this game until T2 destroyed the modding scene. Modding was the only thing that actually made this game still fun to play. Shame on you for trying to ruin everyones fun just so you can get your hands deeper in our pockets.,Grand Theft Auto V
2017-04-20,0,0,139,True,Recommended,Even in access with jumping mechanics being quite poor and some gameplay being quite buggy it is still an incredibly fun game to play on your own or with friends. ON H1Z1,PLAYERUNKNOWN'S BATTLEGROUNDS
2016-09-11,0,0,16,False,Recommended,You can bicycle kick a ball into a goal. WITH A CAR. Most fun I had in a game and I just started! Plus community is decent!&gt Thanks!&gt Nice pass!&gt Thanks!&gt Nice clear!&gt Thanks!Buy it!,Rocket League®
2016-05-20,0,0,361,False,Recommended,Product received for free. &gt Kills old couple with hatchet and burns their corpses while shooting at them all while showing no emotions&gt accidentally runs over bird and feels bad10/10,Grand Theft Auto V
2018-09-09,0,0,367,False,Recommended,Product received for free. I enjoy the game until i play with random player and he USING cheat wtf hr 999 and 1 hit with 1 charge bow,MONSTER HUNTER: WORLD
2016-11-28,0,0,531,False,Recommended,Fun then kinda boring then relly fun then kinda fun then fun,Grand Theft Auto V
2016-12-08,0,0,133,True,Recommended,Soo. Lets review rust then shall we?Ok let's say its a funny game. And it really well is a funny game. With many downsides. So this is one of many reasons I am going to make a pro/con list. Yayyy Lets a go.+ The building system is very good and you can build most things you want. Of course it is still physics based means you can't build as high as you want because it's not very stable on the top. The game makes fun when you are making raids or just build. It's completely open to you. Please have friends because with them it makes much more fun. The animals seem to have a very high level of retardation. For example you want to kill a bear. Well that's good so far but now comes the point ITS IN EASY. The bear mostly doesn't even move because it is bugged somewhere which is kinda good for you but kinda bad for the gameplay because the animals are no in' enemies anymore. Same goes for every single other animal in this game except wild boars. You think bears are the most dangerous animals? Forget it because these little s will hunt you down so hard that the bears look like stuffed animals. Like WTF PLS FIX THIS!!! The engine. I don't say many things about graphics and so on in my reviews because I don't care that much. But not being able to play this game with a GTX970 and an Intel Core i7 4790k on Ultra Graphics Full HD makes me a little bit depressed. It's a really really laggy game and the devs have to fix this if they ever want to release this game...So overall...Even tho it has some flaws which have to be fixed it's a fun game to play and also not hard to learn. The dev team makes many updates and I think that one day they fix the animals. I recommend it to people who want a survival game where you start poor and after grinding 2 days you are pretty much rich and you don't worry about basics like food or water anymore. If you have any questions ask them in the comments. I'd be happy to answer them ).,Rust
2018-01-21,0,0,270,False,Recommended,I have a hate/love relationship with this game...,PLAYERUNKNOWN'S BATTLEGROUNDS
2018-07-01,0,0,569,False,Recommended,On my PC rocket league always crashes whenever i launch it but it is a great game and very addicting. I highly recommend it. Good job Phsyonix!,Rocket League®
2016-06-28,0,0,1651,False,Recommended,amazing,Rocket League®
2017-04-21,1,4,1336,True,Not Recommended,"Fix your ******* **** ***** **** the leader boards we have been trying to play this game all night and it just keeps crashing take forever to load glitches out out builds and it is ******* broken since the update. I don't know what. You **** changed but you made it worse!!!!!! I am typing this from my phone because my computer is froze and for the hundredth time I have to restart it. Is is not my internet as my friends that I am trying to play with are have the same exact problems at the same exact time. We can't press play leave teams JOIN TEAMS we get kicked for l""oss of connection"" and some people are invisible!!!! We are playing on two different dedicated gaming pcs and a ******* MSI Dominator laptop WE DONT HAVE THIS PROBLEM WITH KING OF THE KILL!!!! please kindly fix your game. Or give me my money back...",PLAYERUNKNOWN'S BATTLEGROUNDS
2016-07-12,0,0,195,False,Recommended,My mum told me she would smash my head on the keyboard if i kept playing violent gamesiodfg qfdhgboudfqglqdhfngvuowduqghofsuwfhgsf,Grand Theft Auto V
2017-09-04,0,0,285,False,Recommended,Many Many hours played (thumbs up!),Rocket League®
2018-11-21,0,0,430,False,Recommended,Simply YES.,Rocket League®
2014-07-20,0,0,32,True,Recommended,really really fun and a must by also good gameplay PS watch out for wolves and bears when you start out,Rust
2016-11-25,0,0,57,False,Recommended,You will have infinite fun your mates ! D,Rocket League®
2017-06-29,0,0,223,True,Not Recommended,**2017 June 29**Incredibly fun and addictive the game gets better with every update.**2017 Oct 04**it still crashes hardly especially when you are in a winning situation.Almost as furiously frustrating as fun.Just gonna put it on hold after 150 hours for a few weeks but currently I cannot recommend it.,PLAYERUNKNOWN'S BATTLEGROUNDS
2015-06-17,0,0,205,True,Not Recommended,Bla bla,Rust
2015-05-07,0,0,73,False,Recommended,Story So the character stories were less of a parody but more realistic. But ungrateful kids and a nagging wife? Too realistic. 4/5Graphics Great! Well optimized. 5/5Music What you'd expect from GTAThe only real fault in this game is the constant whiny b****iness of Trevor (can't really blame Michael cause he's only deflecting the flak he's getting). STFU Trevor! You whiny b****! You make soap operas look like masterpieces of art!,Grand Theft Auto V
2018-06-23,0,0,64,False,Recommended,Its pretty fun but bugs and glitches hold this game back from its true potential. It is also pretty annoying to loot for 20mins only to die from a random shot the the back.,PLAYERUNKNOWN'S BATTLEGROUNDS
2017-09-10,1,14,489,True,Recommended,Achei que me arrependeria de comprar esse jogo igual aquela música always do Bon Jovi. Mas foi totalmente ao contrário acho que depois de GTA e Arma 3 foi uma das melhores experiências multiplayer que tive recomendo fortemente. Jogo não está completo ainda tem diversos problemas mas não é um jogo injusto só depende de vc e da sua sorte ser um bom player nesse jogo. É desafiador recomendo ter um grupo de amigos para jogar com você a experiência fica mais divertida e viciante.Continua com diversos problemas mas tá melhorando.,PLAYERUNKNOWN'S BATTLEGROUNDS
2016-09-28,0,0,2513,False,Recommended,ISSA BANGER MY B,Rocket League®
2017-11-23,0,0,319,False,Recommended,Its so good,Dead by Daylight
2017-07-21,0,0,66,True,Recommended,Great and strategic game that many people will love especially if you are into the whole team coordination thing. Just like Arma spec ops the line and H1 all combined!!! Strongly recommend,PLAYERUNKNOWN'S BATTLEGROUNDS
2016-06-16,0,0,111,False,Recommended,Really enjoying this game. The game was a little rough around the edges at first but the devs are doing a great job at supporting this game and listening to the community. The first DLC just dropped and on top of being fantastic it is also FREE...YES! Free DLC.....Great game a must buy for sure!!!After 40 hrs in I continue to love this game. Sure its not perfect and the graphics arent amazing by any means but amazing graphics arent always important...this game is just FUN!!!,Dead by Daylight
2018-12-31,0,0,230,False,Recommended,Great game but optimization kinda sucks,Insurgency: Sandstorm
2016-06-22,0,0,97,False,Recommended,dead by daylight is a great game but there is one thing that makes it bad that thing is having friends! the only way to play with friends is to make a private game BUT you can not join a lobby in a private game (amount of friends you need) please have four friends to play this game all else! you will think the game sucks please have three survivers and a killer or more or less but the game will be worst with two people so please get some friends. WARNING GAME MIGHT INCLUDE gore. pain. rage. feeling like your friends hate you. beating your friends to a bloody pope on a hook for them ditching you in the last game. killers pretending to be mickey mouse as they find you. FEATURING shia lebouf.a stereotypical hillbilly whith a chain saw.donald trump wraped in bandages.the hillbilly s daughter.a hobo.a quicki mart employee.and a complete nerd who is some how friends whith those guys. DEAD BY DAYLIGHT OUT NOW,Dead by Daylight
2017-10-08,0,0,1956,True,Recommended,Best game I have played in YEARS. Very competitive and requires skill gained over time playing.,PLAYERUNKNOWN'S BATTLEGROUNDS
2018-10-02,0,0,1486,False,Recommended,Heaps of skitz to do i recommend,Rust
2014-02-07,0,0,158,True,Recommended,Great game to play with friends.,Rust
2017-08-06,0,0,148,False,Not Recommended,Unoptimized trash.,PLAYERUNKNOWN'S BATTLEGROUNDS
2016-06-04,0,0,27,False,Recommended,chupeta,Rocket League®
2017-11-05,0,0,16,True,Recommended,The game is a little buggy but its early access. Its good fun and a good concept. I would reccomend this game to Battlefield rather than COD fans.,PLAYERUNKNOWN'S BATTLEGROUNDS
2017-09-25,0,0,975,True,Recommended,Jump out of planeLand on Russian islandFind m416 kar98Avoid blue zone of deathTop 20Car chase a man to the circleCrash right into his carExplodes10/10 would kamakazi again,PLAYERUNKNOWN'S BATTLEGROUNDS
2017-11-25,0,0,621,False,Recommended,Once you learn the basics of the game u will have a lot of fun for hours.,Rocket League®
2017-06-15,0,0,242,False,Not Recommended,"This game was pretty good But I used mods on single player a lot becasue I like to around just how long can you murder pedestrians in SP before you get sick of it AND God damn if you want to jump into a game with 20 bellends who want nothing more in life then to someone off then online is for you if not then you have to mod the SP. but aperrently I payed 59.99 USD for a bit of softwhere that is ""AS IS"" no fixing or moding. You wouldnt buy a car I couldnt work on You wouldnt Buy a computer you couldnt change.Why Buy a game you cant mod?",Grand Theft Auto V
2017-06-18,0,0,90,False,Recommended,even if you are just strating out with a new build or getting into pc games i highly reccomend this game. several story lines and never boring.,Grand Theft Auto V
2016-11-27,0,0,87,False,Recommended,Nice game writing this just for the nomination achievement thing.,Rocket League®
2015-08-03,0,0,322,False,Recommended,great game,Rocket League®
2017-06-28,0,0,109,True,Recommended,Fun and frustrating game. Nothing like walking in a door and getting shotgunned back out the door. All with your friends laughing.,PLAYERUNKNOWN'S BATTLEGROUNDS
2015-05-06,0,0,122,False,Not Recommended,Publisher pretty much killed the modding community for this and GTA IV. that.,Grand Theft Auto V
2018-11-24,0,0,648,False,Not Recommended,Убрали трейд &gt половина онлайна,PLAYERUNKNOWN'S BATTLEGROUNDS
2018-08-12,0,0,217,False,Recommended,100hr gameplay half of the time is loading,Grand Theft Auto V
2017-05-01,0,0,644,True,Recommended,This game is still in development so if you don't like buying a game that's undergoing development don't buy this. It has bugs glitches etc... But as someone who can look past these flaws when the game runs well which is most of the time it's a really fun and exciting game. No game in the last year has had me sweat like this... You can play with your friends or by yourself. Both options are enjoyable. This game also has a large amount of guns and attatchments unlike its rivals... So there is plenty of variety. The map is pretty big too and it also has unique features on the map so you know exactly where you are. Honestly the way this game is going now it has a promising future ahead especially with its frequent updates. HOWEVER I do feel the price for this game is slightly too high for what they are bringing to the table for new customers. I myself find it worth the money as I have played enough of this to justify my money but the same cannot be said for others. So go cautiously.See you guys on the battlefield デ,PLAYERUNKNOWN'S BATTLEGROUNDS
2016-11-23,0,0,302,False,Not Recommended,will buy the game again if online private session can do all things and missions as the public session,Grand Theft Auto V
2018-07-16,0,0,2,False,Recommended,Too Much Griefing,Rust
2018-01-27,0,0,937,False,Recommended,Product received for free. ntappp,PLAYERUNKNOWN'S BATTLEGROUNDS
2017-08-14,0,0,277,True,Recommended,Really good game,PLAYERUNKNOWN'S BATTLEGROUNDS
2016-04-19,0,0,713,False,Recommended,Love this game addicted to it.,Rocket League®
2018-11-23,0,0,467,False,Recommended,Amazing game to play with your friends online! Takes some time to get used toin the beginning but just play and become better every week together with your friends and laugh and yell at eachother!,Rocket League®
2016-04-23,0,0,1169,False,Recommended,Flying simulator 2015. Praise Psyonix.10/10Cheers. Banana,Rocket League®
2018-03-12,3,6,35,False,Not Recommended,PUBG,PLAYERUNKNOWN'S BATTLEGROUNDS
2017-08-03,0,0,159,True,Not Recommended,Game was fun... direction it is headed is very clear albeit very disappointing.Crack down on game interaction beta bug experience (which is half the fun) user freedom open world experience ... the list goes on. If you got into Battlegrounds at the start then you had your fun for $30.00... if you haven't yet wait for the next big beta/open world arena style game that delivers without baby restrictions this one will phase out within the next few months.,PLAYERUNKNOWN'S BATTLEGROUNDS
2015-10-09,0,0,252,False,Recommended,Love the game wish they'd add the online garage system into the single player mode. It'd be so simple to do and add so much to single player.,Grand Theft Auto V
2018-05-18,0,0,183,False,Recommended,I accidentally shot the ball into my own goal. my teammates all left i'm just a semi pro the other team is all pro ending score 1 10.100/1 great game,Rocket League®
2018-06-10,0,0,35,False,Recommended,"PLAYERUNKNOWN'S BATTLEGROUNDS or Pubg is a game which doesn't bring anything new to the concept of battle royale.It came out at the perfect time for it to work. Even if it crashed and lagged in the beginning.it works and can be fun if you like to (jump out plane land get loot kill people who are in same place hide move when (non family friendly joke) gas comes) and repeatthe community is ""fine"" gameplay is ""fine"" its just a ""good"" game but its not great .thats really all the game is. but i will recommend it the people who like yelling (non family friendly things) in a plane",PLAYERUNKNOWN'S BATTLEGROUNDS
2016-04-03,0,0,2,False,Not Recommended,this game wont work for me i just got it,Grand Theft Auto V
2018-12-25,0,0,4219,False,Recommended,very good game but needs some fixing but overall really great game.,Rust
2017-06-17,0,0,283,False,Not Recommended,RIP to OpenIV no longer supporting.,Grand Theft Auto V
2018-07-03,0,0,1038,False,Recommended,This game is REALLY FUN. It includs fighting building crafting and more! I really recemend this game!,Rust
2018-05-25,0,0,572,False,Recommended,10/10 love it,Rocket League®
2016-03-16,1,1,1803,False,Recommended,Oh yeah. Oh my friends! We did it! Well you did it. I know I didn t do that much but you you oh you! You know I thought you were just a bunch of er creepy quite weirdos. Turns out you re a bunch of creepy quite weirdos with talent! You rob and you steal and destroy like like geniuses! Oh I love it. I love it. Here let me er wire you your money. You know I will never forget the good times you know all the laughs we had. You re like family. The picnic? The picnic! And the hike in the woods and all the selfies and oh and the time we went rollerblading and we we watched the the sun set and then w we stayed up all night talking and sharing our inner most fears and and then What? Was that that wasn t you? Even t the skinny dipping and the oh oh What are you saying? I er the drugs oh man the drugs. I m a I am a heavily medicated man I er I m not well at all I er I m a little embarrassed erm Okay the money! Here and here and here and here. Okay you better take off and er take care okay? Bye bye.,Grand Theft Auto V
2018-01-26,0,0,192,False,Not Recommended,Too Many Chinese Hackers!!!! holy ruins the experience this game has gone to since the new map and that is seen in the reviews.Not only that $30 my rear i payed $30 to play with hackers experience Servers Busy Please try Again Later and 8 year connecting screen...id pay $1 if you were lucky. not only that but basically CSGO and H1Z1 now like keys and crates. The developers basically want your wallet and everything in it.,PLAYERUNKNOWN'S BATTLEGROUNDS
2018-11-25,0,0,339,False,Recommended,Buy it when cheap,Grand Theft Auto V
2016-11-27,0,0,127,True,Recommended,9/10This is without a doubt one of the best early access or indeed indie titles i've ever played.The gameplay and controls are incredibly smooth the graphics are surprisingly beautiful and the atmosphere is captured brilliantly despite it being almost exclusively underwater.As it is still in early access there is obviously a limit to how much content there is although what is already in the game is very polished and engaging.It is one of the few early access games to regularly get updated with a big update coming at least once a month and developers are very open to the community with an excellent section on their website for bug reports feature voting and production tracking.Subnautica is a fun atmospheric and well polished survival/exploration game which honestly makes you believe you are on an alien world trying to survive in a beautiful yet dangerous ocean.For only 15 this game is an absolute steal.,Subnautica
2016-11-25,0,0,767,False,Not Recommended,Loading times too long to sit and wait through too short to justify pulling out my phone and start a mobile game.Edit Take Two is a video game company run by people who don't play video games,Grand Theft Auto V
2018-03-19,0,0,281,False,Not Recommended,Be prepared to pay $30 for an extremely buggy game.,PLAYERUNKNOWN'S BATTLEGROUNDS
2014-02-19,0,0,68,True,Recommended,He updates it.Kinda.,Rust
2017-12-16,0,0,1390,True,Recommended,PRO Very addicting game! A new round is a new game new strategy new chance to be the best.CON You need a ing PC build so it can run decently.,PLAYERUNKNOWN'S BATTLEGROUNDS
2017-09-08,0,0,1762,True,Recommended,Not perfect but a very very good game ),PLAYERUNKNOWN'S BATTLEGROUNDS
2017-03-23,0,0,837,True,Recommended,Product received for free. I love this game,PLAYERUNKNOWN'S BATTLEGROUNDS
2018-07-23,0,0,859,False,Not Recommended,ARREGLEN TODOS SUS BUGS DE S Y ENCARGUENSE DE LOS HACKERS ANTES DE SEGUIR SACANDO SETS DE Y ORGANIZANDO TORNEOS QUE A NADIE LES INTERESA. ATT. UN USUARIO DISCONFORME.,PLAYERUNKNOWN'S BATTLEGROUNDS
2017-04-18,0,0,528,True,Recommended,All I did was eat sleep and breathe this game. 69/10,PLAYERUNKNOWN'S BATTLEGROUNDS
2017-01-07,0,0,22,True,Recommended,One of the very very very very very few early access games actually worth buying.,ASTRONEER
2017-07-05,0,0,434,True,Recommended,Update 121017I have faced some updates that have given me fps issues but as far as gameplay goes it remains the same. People should realize that this game is early access so there many be a lot of faulty stuff (such as poor optimization) but instead of raging we should be giving proper feedbacks and hope they make the game better when it's fully released. Hyped for 1.0!,PLAYERUNKNOWN'S BATTLEGROUNDS
2017-08-05,0,0,321,False,Recommended,A really funny game.,Rocket League®
2018-09-21,0,0,377,False,Recommended,Weve Done A Pretty Good Job So Far.,Dead by Daylight
2015-12-27,0,0,0,False,Not Recommended,This is a meh game.,Grand Theft Auto V
2017-04-06,0,0,4812,True,Recommended,Product received for free. سلام عليكم يا اخي فيني انضم للكلان اللكم بلعبت rust,Rust
2016-09-03,0,0,301,False,Recommended,Brilliant game I play it everyday!,Rocket League®
2018-07-12,0,0,2,False,Not Recommended,Radar cheats FTW.,PLAYERUNKNOWN'S BATTLEGROUNDS
2017-12-13,0,0,100,True,Not Recommended,I really wanted to learn how to play this game.It's a shame it's soooo infested with bugs that I'm coming to realize it's a waste of money.Spend your money elsewhere.,Rust
2018-09-02,0,0,9,False,Not Recommended,So the game seems ro randomly crash for no reason wih no error it simply freezes then shuts down. So much progess lost during an expedition. Extremly frustraing! (rate no until the random freezes are fixed).,MONSTER HUNTER: WORLD
2017-07-16,0,0,14,False,Recommended,Realy nice game.,PLAYERUNKNOWN'S BATTLEGROUNDS
2017-07-15,0,0,118,False,Recommended,simply best game ever,Rocket League®
2017-06-17,0,0,49,False,Recommended,Annoyed about the modding situation but otherwise good.,Grand Theft Auto V
2016-05-14,0,0,35,False,Recommended,dope game dank sauce and sick shots cuh,Rocket League®
2016-08-29,0,0,98,False,Recommended,"I would recommend this to some people but would warn that this game is more of an early access game.Edit 10/25/2016 Many of the bugs I originally complained about have been corrected and the game is starting to show direction for how the game play is suppose to be. Survivors are still very similar though and the game now has an impossible grind if you want all of the perks/abilities in the game. Also stealthy players are still not rewarded by in game points at all and in fact aggressive teams get much more out of each match.One positive I did not mention before is that this dev team is on par with the one for Warframe and what I mean by that is that they are very active with community and are always sharing what they are working on at least every 2 weeks.Original review This game is in Beta even if it is not official and I mean a real beta. What the game promises and what it can do now is fun and will only get better but there are MANY bugs that aren't addressed fast enough. The game still feels like it is trying to figure out how its own system for points perk progression and game play work. While I am enjoying the game I am also at least once every time I play getting frustrated by any number of issues that the game has right now.The above statement sums up my thoughts on the game. Their are many bugs like the many issues with matchmaking hit boxes wonky game mechanics and skills/perks not working. Also the game seems confused on what the focus is either its getting the most points so that you rank up or its the interplay with the killer and trying to survive/kill.What the game really lacks a good reward system for being a stealthy player and one that focuses on the objectives. you have four different things that you can get points in and they are capped at a certain amount. What is worse is that 2 of these are very hard to get points in so with the cap on each type of points you usually only do well if you survive.If you never interact with the killer and only get generators or heal teammates you will not rank up at the end of the game and may even go down a rank. What is even worse is that if you die helping out the team by being a distraction or getting people off hooks it almost seems like the game punishes that kind of behavior netting you much less points than the people you saved. The reward system is not robust enough to support different play styles and makes it so during some games you try to get into trouble just to get points and get enough out of the match.My final complaint is that each survivor feels the same. Each ""unique"" perk that a survivor can learn can be taught to the others if you play enough and other than these perks only the cloths/gender is different. If each survivor had other unique stats it would help change up the game a lot.",Dead by Daylight
2014-06-19,0,0,148,True,Recommended,Very nice game.,Rust
2016-11-23,0,0,169,False,Recommended,fun game and need more car,Grand Theft Auto V
2018-05-21,0,0,32,False,Recommended,Nice game even im having a motion sickness,PLAYERUNKNOWN'S BATTLEGROUNDS
2018-02-07,0,0,516,False,Not Recommended,Use to be one of the best games ive ever played. The charm of this game is lost and may never return. ),Rust
2014-02-01,1,1,351,True,Recommended,This game is amazing! Foran alpha game it is beautiful in graphics and is so much fun! The possibilties are almost endless. It is endless fun and great game mechanics. DEFINETLY recommend this game!,Rust
2017-11-14,0,0,1011,True,Recommended,great potential . xbox controller support needs work. as well as the players ability to jump over things. fun game few things wrong but could be fixed in due time. deff a fun game. deff will get very competative,PLAYERUNKNOWN'S BATTLEGROUNDS
2018-06-16,0,0,2488,False,Recommended,During my 18 years of life I have never seen as much male as I have in this game 12/10 would recommend.,Rust
2018-01-01,0,0,1339,False,Recommended,labai glazu,Grand Theft Auto V
2018-04-13,0,0,18,False,Recommended,Kids Everyone Casual players Pro players Graphics Potato Really bad Bad OK Good Beautiful (with few mods) Masterpiece Price / quality Full price Wait for sale Average Refund it if you can Dont do it Free Requirments 90' PC Minimum Medium Fast High end NASA computer Difficulty You just need 2 arms Ez Easy to learn / Hard to master (This is why I put in casual and Pro) Hard Dark souls Game time Really short ( 0 2 hours) Short ( 2 8 hours) Few hours ( 8 12 hours) Long ( 12+ hours) Endless Story It doesnt have Still better than Twilight Average Good Fantastic Bugs Game itself is one big BUG Bugs destroying the game Lot of bugs Few Bugs You can use them for speedrun nothing,Rocket League®
2017-12-09,0,0,102,False,Not Recommended,"Even though the game has reached 1.0 Bluehole still hasn't optimized the game. After every run the game has to reset which takes about 20 seconds every time. 20 seconds may not seem like much but after EVERY single run it makes you think ""is this really necessary?"". My game still randomly crashes server lag is not uncommon and desync is still an issue. The fact that this game is 30 dollars and fun is the only reason i can reccomend it.That was my original review back in late december now that i have played the game a bit more i have more to say.Since then all bluehole has to with this game is add some buildings and to the desert map change where you spawn in the pre lobby and fix rubberbanding. You might think ""oh wow they fixed rubber banding?"" Don't get too excited because desync is worse than ever. You will die getting behind walls many times in this game and when you go to look at your deathcam it will show your oppenent shooting empty space and killing. Not to mention the tons and tons of hackers and chiese players destroying the servers (#regionlockchina). On top of that they're now adding crates you can only open with keys because that's what everyone wants. I'm not saying this game isn't worth $30 but bluehole needs to either add more features (and that doesn't include dumb*ss crates) or get their together before i can reccomend this game again.",PLAYERUNKNOWN'S BATTLEGROUNDS
2016-03-12,0,0,117,False,Recommended,New content is frequently released. Good developer support.Lots of fun to play with friends.,Rocket League®
2017-07-22,0,0,248,True,Recommended,Product received for free. good game even beta test,PLAYERUNKNOWN'S BATTLEGROUNDS
2016-12-09,0,0,689,False,Recommended,really now u go on sale after i buy you wtf hate that,Rocket League®
2018-03-05,0,0,45,False,Recommended,THIS GAME IS SO GRERAT,PLAYERUNKNOWN'S BATTLEGROUNDS
2017-06-11,0,0,2412,True,Recommended,Realy enjoy the game Rust get vry addictive dont start if you cannot spend the time,Rust
2018-11-22,0,0,222,False,Recommended,Never have I known greater consequences than diving deeper into this game as it is as equally terrifying as awe inspiring. 10/10 would scream again.,Subnautica
2016-12-22,0,0,51,True,Recommended,Great game! Though there are a lot of bugs in the game but that is pretty expected because of the stage of the game. But that hasn't stopped me from playing. No Man's Sky can learn a thing or two from this game. 10/10! Keep up the good work! Excited to see where this game will go in the future.,ASTRONEER
2018-11-27,0,0,43,False,Recommended,good game(btw better than fortnut),PLAYERUNKNOWN'S BATTLEGROUNDS
2014-03-05,0,0,26,True,Not Recommended,It was fun for awhile. It has a ton of potential but there needs to be a lot more content added &amp bugs squashed before I'll be interested in playing again.,Rust
2017-10-07,0,0,586,True,Not Recommended,1. This game is full of cheaters with aimbots and recoil macros2. This game is broken and full of bugs3. I paid for full game and you want me to pay more in microtransactions for some clothes to get advantageYes I understand this is an alpha but even for alpha it's way too broken. With the budget you've got you should be able to fix most pressing issues within a month or two. I mean come on this game is relatively simple if you compare it to other games.,PLAYERUNKNOWN'S BATTLEGROUNDS
2016-11-23,0,0,120,False,Recommended,Nominate GTA V for them workers lol,Grand Theft Auto V
2016-01-17,0,0,17,False,Recommended,10/10 Would Rage AgainXD XDXD XD,Rocket League®
2016-11-25,0,0,101,False,Recommended,Whether you are looking to play casually or competitively Rocket League provides adn enjoyable and addictive experience. One where you will pop in to play one game daily and then find yourself 5 hours into competitive play. (personal experience),Rocket League®
2018-11-22,0,0,183,False,Recommended,Good Game,MONSTER HUNTER: WORLD
2015-04-16,0,0,214,False,Recommended,cop stole my car. 10/10 would vacation again,Grand Theft Auto V
2018-06-17,0,0,3,False,Recommended,9/10 story mode. don't buy for gta online.,Grand Theft Auto V
2017-03-28,0,0,454,False,Recommended,nice,Grand Theft Auto V
2016-02-01,0,0,248,False,Recommended,Night time picks up prostitue day time go strip clubDamn girl you fine/10. IGN,Grand Theft Auto V
2017-09-29,0,0,312,True,Recommended,Creazy Early Access Game Download instal FAIL hard !!!Full of sad people taht have no real live. Constant FPS drops the servers are ALL crap and the items ingame are like GOLDBARS ridiculous what the gaming industry is giving us and we the gamer are stupid enough to pay for a unfinished produckt. FALL LOOT SHOOT DIE repeate,PLAYERUNKNOWN'S BATTLEGROUNDS
2016-11-26,0,0,17,False,Recommended,Great Game,Rocket League®
2017-11-13,0,0,926,False,Recommended,D,Rocket League®
2017-12-18,0,0,151,True,Recommended,pro Great game a lot of fun con you need a pretty powerful machine to run it smothly pro they don't charge you for new dlc's,PLAYERUNKNOWN'S BATTLEGROUNDS
2014-04-03,0,0,235,True,Recommended,Rust in three words Rocks Naked Cavemen. When playing this game you will have periods of extreme rage and periods of extreme joy. Depends if you like murdering people begging you to spare them. Hard choice.,Rust
2016-11-23,0,0,41,False,Recommended,Highly fun and addicting motorized mayhem. Visually breathetaking graphics when you are playing on any stages that are not in the Rocket Labs. Plenty of vechile customization for the players choice but you do have to unlock most of these options first. Controls are pretty fluid but if online there is a high chance of getting a player with terrible internet connection making the gameplay really sluggish.Overall this game is really fun with great graphics and an amazing soundtrack.,Rocket League®
2015-07-01,0,0,660,False,Recommended,Very polished and fun. The story is funny satirical and exciting. I recommend picking up this game!,Grand Theft Auto V
2017-12-11,0,0,2239,False,Recommended,"One of the great games till date released by Rockstar never ceases to amuse.After 2k hours of gameplay testing all sorts of crazy things I've come to a decision saying gta V / Gta V online are great.Pros ( Story &amp Online ) Great storyline Interesting Missions Crazy crowd reactions Unexpected endings if you do all the threeNow Online Excellent customizable character Good Heist missions 1 &amp 2 Doomsday upgrade did bring a great difference NightClub update is funny and brings some good music times in gta online.Cons ( Online ) because story mode is flawless IMO Biggest prob ..Silly hackers / Modders Doesn't show any difference between Shark Card players or Modders Late response to bans Game sale brings in loads of new players with less experience who join online make a mess of themselves Finish story firstI highly recommend this game because it is always fun to play help and have fun with all the players around the world .GTA Online resembles one good sentence ""The world is so small""",Grand Theft Auto V
2017-12-05,0,0,58,True,Not Recommended,hole the most famous self media BenWei Lu on the www.douyu.com plays this gaming with cheating in China . But the do not take any action . I hope anyone who see this information should stop buying or supporting this game.,PLAYERUNKNOWN'S BATTLEGROUNDS
2015-06-25,0,0,34,False,Recommended,Brilliant game. Even better on PC than on console.The Online part though needs improvement. I often find it difficult to join the game of my friends and vice versa.It contains a lot of hackers/cheaters online aswell something that is quite unavoidable when playing online PC games nevertheless I still rate this game 8.7/10.,Grand Theft Auto V
2015-04-25,0,0,120,False,Not Recommended,Best Most Competitive Game i've ever played Always proud to be a Counter Strike Player!,Grand Theft Auto V
2016-10-10,0,0,420,False,Recommended,Product received for free. best of my games list,Dead by Daylight
2016-01-21,0,0,144,False,Recommended,Best game ever Play it for days I love this GAME I apreciate very much RockstarGames work!,Grand Theft Auto V
2018-11-18,0,0,417,False,Recommended,Rust is a bit more in the competitive direction of survival. I enjoyed every hour but some games will get boring for a person.,Rust
2017-11-22,0,0,1013,False,Recommended,axne,Grand Theft Auto V
2017-11-23,0,0,701,False,Recommended,Work in real life no one try to kill me with rockets. Work in GTA all guys in session try to hunt and kill me with anything they have. But also too many modders,Grand Theft Auto V
2015-09-07,0,0,409,False,Recommended,Fun quick games with a high skill cap to keep things interesting. Every game is different and there is endless amounts of fun to be had,Rocket League®
2017-06-17,0,0,0,False,Not Recommended,i had to pirate it because the pirated version is playable unlike this,Grand Theft Auto V
2018-03-31,0,0,810,False,Recommended,Good game !!,PLAYERUNKNOWN'S BATTLEGROUNDS
2017-07-04,0,0,180,False,Not Recommended,Suckkkkk,Grand Theft Auto V
2018-07-15,0,0,238,False,Recommended,After all this time i just knew something. That is GTA 5 (Grand Theft Auto 5) is the best game of it's own series some say GTA San Andreas or GTA Vice City is best. But for me this is the BEST one.,Grand Theft Auto V
2018-05-12,0,0,1063,False,Not Recommended,The game experience is very poor,PLAYERUNKNOWN'S BATTLEGROUNDS
2018-11-21,1,1,182,False,Recommended,is gut.. will nur die badge,PLAYERUNKNOWN'S BATTLEGROUNDS
2016-11-24,0,0,471,False,Recommended,Epic Action. Easy to start hard to master. This game makes me jump from my seat with intense moments in every match and the amazing physics. this game is a must have for anyone IMO,Rocket League®
2016-11-09,0,0,50,False,Recommended,One of the best GTA games ever. I recoment for everybody! ),Grand Theft Auto V
2015-11-08,0,0,103,False,Recommended,Love the game liek a SOOOO Mouch soccer and cars combined is da best idea Eva,Rocket League®
2015-10-16,0,0,932,False,Recommended,I very much reccomend this game for it will drive you with fun freedom and wanting to do these things in real life but ya cant x( but you can in this game! DDD Ever felt like you wanna kill someone steal something or just do plain crime or have fun in general? Grand Theft Auto V is the answer.,Grand Theft Auto V
2019-01-15,0,0,30,False,Not Recommended,I cannot endorse neither the single player nor the multiplayerThe multiplayer lobby problems are already well know. Hackers in at least every lobby and most games making having fun nigh imposible. That also with the fact that i find many of the online games to be boring and repetative and made that way to get you to buy their shark cards so you can just skip the grind.The single player though is fantastic the first 5 to 10 hours are filled with amazing mechanics and story telling but it all slowly falls apart after the 2nd heist. To the point where i was only pushing myself to finish the game to see how it ends. Cops spawning infront of you automatically knowing where you are making escaping them a slog especially if a mission requires it. How is it that my super car that was outfitted to the max is unable to outrun police cars? how can enemies automatically lock onto me before i even pop a shot off? whats the point of giving experience to heist members if the expensive ones don't need it and the rookies die every time you hire them?Save your money buy yourself a Coke or some nice lunch and skip out on GTA V you aren't missing anything or atleast anything fun,Grand Theft Auto V
2015-12-28,0,0,424,False,Recommended,Good game fun to play and mess around with friends.,Grand Theft Auto V
2018-09-19,0,0,79,False,Recommended,good game,Stardew Valley
2018-11-24,0,0,34,False,Recommended,Demi who?,Dead by Daylight
2018-07-07,0,0,186,False,Recommended,Game is trash. 1) Takes forever to load GTA Online2) Can't crossplay3) Takes forever to load anything in online including missions sometimes4) Lots of players are getting banned for no reason5) Sometimes there are connection problems with GTA Online even though the internet is working fineGame is still great though. I will recommend it but these needs to be fixed.,Grand Theft Auto V
2017-11-22,0,0,1299,True,Recommended,Esports ready,PLAYERUNKNOWN'S BATTLEGROUNDS
2018-02-18,0,0,113,False,Not Recommended,This game is not changing at all since Iva had it. It seems like they can t make any improvements to a game that has made them millions of dollars. It is clunky and plays horribly. It s also heavily lick based. this game,PLAYERUNKNOWN'S BATTLEGROUNDS
2018-04-29,0,0,177,False,Recommended,This is definitely my go to battle royale game the game feels consistant and allows you to understand whats going on pretty quickly the PvP is realistic and the controls are amazing.I would recommend this game to anyone looking to buy it.,PLAYERUNKNOWN'S BATTLEGROUNDS
2016-08-27,0,0,109,False,Recommended,I give this a good review because of the singleplayer LSPDFR mod that makes the game worth 60 bucks.,Grand Theft Auto V
2017-08-13,0,0,1191,False,Recommended,most addictive game ever,Rocket League®
2017-07-05,0,0,805,True,Recommended,best game possible,Rust
2015-08-10,0,0,160,False,Recommended,Really good game good job rock star ),Grand Theft Auto V
2014-11-11,0,0,1165,True,Recommended,revive legacy,Rust
2016-11-24,0,0,39,False,Recommended,Great game in game transaction only for cosmetic other then that most of it is with the game purchase. Still being updated regulary so WORTH!,Rocket League®
2018-11-23,0,0,63,False,Recommended,the cars are pretty,Grand Theft Auto V
2017-10-03,0,0,65,True,Recommended,Much better than king of the kill. Could do with better optimization.,PLAYERUNKNOWN'S BATTLEGROUNDS
2019-02-16,0,0,39,False,Recommended,The game that made me think who need friends.,Grand Theft Auto V
2017-02-07,1,1,660,False,Recommended,I lost all my friends10/10,Grand Theft Auto V
2015-02-22,0,0,72,True,Recommended,This game is full of naked men senselessly beating each other to death with rocks. Highly reccomended,Rust
2016-10-13,0,0,96,True,Not Recommended,DON'T BUY THIS GAME!1. Full of russians and little kids.2. To hard to survive even on a moded server because everyone has c4 and assault rifles.3. Its sooo boring that i fall asleep in front of PC.4. Servers wipe from week to week or 2 weeks.5. NO ONE IS FRIENDLY! Remember that when you'll buy the game even DayZ people are more friendlyer.6. If you're not a PRO shooter don't even think about buying this game.The only pro of this game is that you have fun with your friends like 2 days then you realise you really really waste your time playing this game seriously. Take it like this Get some mats build a base with your friends make it bigger bigger till some random guys search 24/7 for a little location that they can have acces to your base bring some c4's some gun and raid your base and that's all of this game D. And keep in mind wipe are very offen so even if you build a very big base that can't be raided you'll get wiped. So if you are intrested of buying this game read this review before is 35% possible that this review will change your mind and i'll be happy if this happend.Thanks for reading my review!,Rust
2016-08-26,0,0,177,False,Recommended,Really fun game. It gives you a great rush while running away from the killer. Same feeling as a slasher horror movie. Only downside is it can take a while to get into a game. 9/10 Great Game,Dead by Daylight
2018-08-12,0,0,59,False,Recommended,If you are okay with game graphic being not optimized game having clipping issues and game having you to grind extensively then I say this game might be for you. If you have issues with what I mentioned then don't bother buying this game even if you have friends playing because even if you do have friends playing together with you you will still need to grind and will keep grinding alone for materials in forging the best armor and weapon.,MONSTER HUNTER: WORLD
2017-02-27,0,0,143,False,Not Recommended,Don't bother buying. You'll just get banned for no reason.,Grand Theft Auto V
2018-08-14,0,0,98,False,Recommended,"I've played every monsterhunter game that was released in the west so i have quite a long history with this franchise.this is probably the easiest of them all due to all the quality of life changes. I mean being able to move when drinking potions picking up herbs while moving and without the long gathering animations is amazing.this is a good introdution for new commers to the franchise however long time veterains might find the current roster of monster a bit lacking. I know DLC is incoming but previous monster hunter games had way more veriety in my opinion.I'm happy that monster hunter finally came to the PC in the west but to wait 6 months after the console release (which I also own) and to be hit with the same issues at launch makes me wonder what kind of quality testing are they doing over at capcom. being able to hunt with your friends or randoms is one of the manin feature of the game and as of writing this review the game is being plauged with random disconnetion of ""failed to join game"" error messages. they should have caught these bugs in testing there is no excuse for a game that was finished 6 month earlier and they had a tone of feedback and data for.I will still recommend buying this game but right now the game is not worth buying at full. if the issues are not fixed soon then wait for a steam sale before picking it up.",MONSTER HUNTER: WORLD
2017-12-25,0,0,955,False,Not Recommended,장난치나 일안하나 존나 안되네 32000원주고 삿더니 게임이안되잖아핵도 잡앗다 카드만 개뿔 핵도존나 많고 뭐고이게,PLAYERUNKNOWN'S BATTLEGROUNDS
2018-11-21,1,2,45,False,Recommended,game of the year XD,PLAYERUNKNOWN'S BATTLEGROUNDS
2018-09-05,2,2,251,False,Not Recommended,////Don't waste your money on this////With 200+ hours i can say that To slightly enjoy this game you need to Have a beefy computerPlay with friends (3 recommended)Waste lot of money and/or timeJoining a public lobby is the worst thing you can do in this game.My character with 200 hours got banned and all i did was using mods so will yoursHave fun getting killed by 12 year olds with Flying Cars with rocket launchers.Edit This is not the same gta it used to beThis is some unrealistic alien sh*t flooded with a toxic community.,Grand Theft Auto V
2016-03-15,0,0,127,False,Recommended,This game is mad fun I have played a bunch of this game on here and xbox and absolutely love it to death. If you want fast paced heart racing action then here you go (no it's not like the action you get from shooters but still). This game is just so fun I can't stress that enough 10/10. Get this game and just have fun ),Rocket League®
2015-09-24,0,0,392,False,Recommended,лучшая игра века ! отличная графика хороший геимплей+порно в сюжетной компании ! вообщем все м советую ))),Grand Theft Auto V
2016-11-28,0,0,167,False,Recommended,Play with friends. Get in lobby. Laugh. Lose. Laugh some more.,Rocket League®
2017-06-27,0,0,54,False,Recommended,Product received for free. Nice for rage )),Dead by Daylight
2017-11-23,0,0,166,False,Recommended,Best GTA ever made! Still fun!,Grand Theft Auto V
2018-03-21,0,0,45,False,Not Recommended,Fun game to play with friends. Very skill based. Unfortunatly every game is riddled with Chinese Aimlockers who shoot you from across the map inside of a building. Also every ing time im actually in the mood to play it tells me that the god damn servers are too busy. Holy Bluehole! THIS HAS BEEN HAPPENING SINCE BEFORE THE FULL RELEASE. FIX YOUR ING SERVERS AND REGION LOCK CHINA HOLY,PLAYERUNKNOWN'S BATTLEGROUNDS
2014-07-17,0,0,26,True,Recommended,Looting houses stealing guns betraying your fellow man killing other people trying to protect what you worked your butt off to get and killing anyone who gets near it isn't normal BUT ON METH IT IS.PLAYING RUST DOING METH11/10,Rust
2017-05-10,2,3,398,True,Not Recommended,worst ing game ever invented like for real don't play it. I'd rather be diagnosed with HIV/AIDS and terminal brain cancer in the same day than play this ing feminist loving game. off you ing worst game ever,PLAYERUNKNOWN'S BATTLEGROUNDS
2018-02-07,0,0,371,False,Recommended,The story wasn't the best of the Grand Theft Auto franchise but the online was outstanding from spam f*ck hydra using twelve year olds to the legitimate hard working players who earned everything they have. For story just seek a game in the series like San Andreas or Liberty City but that's my personal opinion. The online is fun customizing your character then killing everybody in sight.,Grand Theft Auto V
2016-11-24,0,0,44,True,Recommended,If your looking for a fun multiplayer survival game buy rust. I would write a fat review but I'm just reviewing to get a badge.11/10 game,Rust
2014-05-12,0,0,20,True,Recommended,Though it's still in alpha stadium I really dig this game!Some sort of Minecraft/DayZ survival combination. I haven't noticed any severe bugs or glitches and it runs fine even on older laptops.I hope that the game will become more complex and versatile through further updates but it's totally worth spending the money!,Rust
2017-06-23,0,0,1,False,Not Recommended,It's H1Z1 Battle Royal but with god awful performance terrible loading times (in terms of objects and scenary) and horrible movement as well. This game should be priced at 14.99 not 26.99 for a game that's far from being finished.Edit So... The game comes out of early access despite the fact that it's still in early access because it still has god awful performance issues cheaters with of course lootcrates and microtransactions being shoved in there. Considering the popularity and the amount of money this game has made you would think that they'd hire top talent to have all of the problems fixed?Nope. Despite the fact that the playerbase wants China region locked to decrease the high level of cheating the main dev's response is pure cringe and illogical its clear that the main goal here is to get as much money as possible whilst the popularity is still high. He calls people who speak out against this xenophobic despite the fact that he's completely unaware that China is NOT like the western world. I'll just leave it at that...This game hasn't gone on sale/been reduced once either. Of course why would they need to if people are going to buy it anyway right?I would stay away from this game even if you do want to play it with friends. There are much better co op games out there than this pile of trash.Brendan you're a greedy shame to the gaming industry.,PLAYERUNKNOWN'S BATTLEGROUNDS
2017-09-29,0,0,56,False,Recommended,Overall I had gotten this game as a gift from my friend Which I was happy enough when he sent me the gift over on my vacation a couple months back. This game is something I have been waiting to get into since my last playthrough of Vice City And San Andreas on my old Ps2 and my Laptop. For me being a console player I'd say this will not dissapoint you at all. And I ALSO remind you all that using the controller is more easier than using your keyboard and mouse But that is just me It does not matter what you pick Its still the same game Alright now I will get into the basics of my review. Lets talk about the Single Player Overall the singleplayer is something you will spend about a couple of hours on The characters are memorable And the story itself is pretty sweet. And yet The main cast of voice actors are one of the best parts in the game itself. Ill just end this portion off with saying its one of Rockstars masterpieces. I do reccomend the older games like III SA and VC. 9/10.Now I get to the Multiplayer Oh Boy.This was something I have really was excited to try out. GTA Online was something my friends had mentioned to me a few times on my skype group I had a couple months ago and they kept telling me that this portion of the game was amazing enough and that once you get into it You do not want to leave at all. Alrighty then So I do not see why people hate this section. Oh wait Theres one thing I hated. the chat is insane enough as it is. But you could just tend to ignore it. But now from what I have heard Modders ruineed the online experience. Which Is kinda true I have seen a few players here on through and it tends to get a tad bit annoying when you are playing for fun or any of that stuff. But trust me Its best you play the online mode on console Or just play it some times in a private loby with friends. Avoiding the people who hack and all of that.Mutiplayer on Pc gets a 6/10Overall The PC version gets the job well done for now. Only dissapointing thing that Rockstar had did to the pc version was that they had removed the mods off of the game Pretty sucky isnt it? Yeah It is. But I reccomend that you avoid the Review section Heck just ask a friend or a classmate who has played this and talked about it in your local areas then. But I still do recommend that you at least try the game out.,Grand Theft Auto V
2017-05-01,1,1,136,True,Not Recommended,Got shot behind concrete walls. Lag is destroying this game. If they fix the latency issue it'll be a decent battle royale game. 5/10 it's still very laggy. OMG. Like BF4 die behind cover.5/20 the lag is getting worse and worse.,PLAYERUNKNOWN'S BATTLEGROUNDS
2014-06-29,0,0,230,True,Recommended,Awesome game,Rust
2018-07-02,1,1,686,False,Not Recommended,700 milion dollars they made on the game alone in 2017 700 000 000?!?!?! and thats without the money they made from lootcreate keys. yet we have to pay for tournaments. Game is still broken servers mostly sucks due to p2p coding. Spend ur money on something more productive and fun. Like parachuting without a parachute.,PLAYERUNKNOWN'S BATTLEGROUNDS
2016-02-05,1,1,116,False,Not Recommended,Would i recommend this game?.. Hmmhmhmh.. let me think about it for a moment..... NO! I FOKIN WOULD NOT! Only great thing on GTA 5 is that you can mod it.. You can mod the out of it.. But other than that it sucks... GTA Online is full of dumb idiots and kids!.. sometimes i ask myself.. How the kids can play this game?! Do they have like a fokin NASA ultra gaming PC or something?! Because I can't play GTA Online without lagging the out of my PC.. But i can play GTA 5 Story Mode with a fokin Pinnacle Of V(ENB mod ultra graphics mod) 1080p 45 50FPS!(and with modded cars and like that..) On HIGH settings! WHAT THE ACTUALL ?! WHY?! Why did i spend money on this?! Please someone tell me.. because i have no idea.. (If someone wants to know what my PC specs are... i5 4440 3.10GHz GTX 750Ti 2GB 16GB RAM) and sorry for my bad english.. .,Grand Theft Auto V
2017-06-15,0,0,189,False,Not Recommended,Broke mods,Grand Theft Auto V
2015-06-02,0,0,483,False,Recommended,*Buys Game*Me Oh yay!!!! Can't wait to play it!*Loading for 1 minute*Me *Exitment Continues**Keeps Loading*Me *On *1hour later*Me *Sleeping with Multiple tabs open*,Grand Theft Auto V
2016-07-19,0,0,5,False,Not Recommended,The game was fun at first but the game is sucking everyday. Just like the main developer he's sucking also. Enough about the DEV sucking his boyfriends we need ING SURVIVE WITH FRIENDS TO ING WORK. ING SUCKING S !!!!!!!!!!Thank you for reading my review of DEAD BY DICKsuckingNIGHTHave a nice night D,Dead by Daylight
2018-11-22,0,0,347,False,Recommended,Nicee makes me want to when im playing,Rust
2018-12-06,1,1,243,False,Not Recommended,Good game mainly the downside to this game is how toxic the community is being called the N word and so much other hateful things for literally no reason. Literally kills the game and makes it feel like you shouldn't continue playing honestly.,Rust
2018-03-25,0,0,655,False,Recommended,ez,PLAYERUNKNOWN'S BATTLEGROUNDS
2018-01-31,0,0,91,False,Not Recommended,it was good till they dropped linux,Human: Fall Flat
2016-12-02,0,0,955,False,Recommended,This game is so much fun! the community is great! And there always adding new stuff so it never gets boring!...overall...An amazing game!,Rocket League®
2016-06-26,0,0,326,False,Recommended,is very cool have a lot of updates every week,Grand Theft Auto V
2015-10-15,0,0,167,False,Recommended,Great Game!(Gotta get that badge!),Grand Theft Auto V
2016-11-28,0,0,125,False,Recommended,welcome new players !!!,Grand Theft Auto V
2019-02-08,0,0,321,False,Recommended,Nice game if it we ignore glitches..,PLAYERUNKNOWN'S BATTLEGROUNDS
2018-10-18,0,0,42,False,Recommended,The best battle royale game a lot of weapons and attachments to choose from. winner winner chicken dinner,PLAYERUNKNOWN'S BATTLEGROUNDS
2016-02-21,0,0,57,True,Recommended,best caveman simulator ever!,Rust
2017-03-22,0,0,247,True,Recommended,A vry challenging game and its like minecraft on roids. Don't ever think your safe and that your secure...you may wake up sadly mistaken.,Rust
2016-02-14,0,0,489,False,Recommended,Highly recommend. This game is all around fun and as simple as it may be it takes tremendous skill. Teamwork is highly suggested. The best part is 5 minutes a game and very competitive. Dont think about it just get the game!,Rocket League®
2017-09-25,0,0,14,True,Recommended,more fun than I thought it would be,PLAYERUNKNOWN'S BATTLEGROUNDS
2016-11-23,0,0,316,True,Recommended,Neis Randale!,Rust
2015-08-19,0,0,1140,False,Recommended,I highly suggest this title hours of fun are guaranteed especially if played with some friend. This game is addictive.,Rocket League®
2017-12-27,0,0,42,False,Recommended,it is very good buy it,Rocket League®
2016-06-15,0,0,10,False,Recommended,I will recommend this game! as it is fun when playing with friends. really.but1) it is kind of laggy/glitchy in terms of running movement away from killer. survivor seem to be teleporting alittle in the direction of their movement and hit into walls. this give killer time to come to you.2) its either play with friends and not earn points or play with stranger to earn points. no option to group up with at least 1 friend to play together. it is kind of sad.,Dead by Daylight
2018-11-21,0,0,426,False,Recommended,"Loving this Japanese mod of ""The Wild Hunt"" 10/10",MONSTER HUNTER: WORLD
2015-07-12,0,0,924,False,Recommended,ws,Grand Theft Auto V
2017-11-26,0,0,340,True,Recommended,most popular Looting/Healing/Camping/Get shot in the back/ Simulator on Steam i rate 9/11,PLAYERUNKNOWN'S BATTLEGROUNDS
2018-11-21,0,0,138,False,Recommended,cool,Grand Theft Auto V
2019-02-03,0,0,204,False,Recommended,1500 hours on ps4. Great game for solo queue. Voice chat doesn't work so you don't have to hear people yell at you after an own goal.,Rocket League®
2017-08-25,0,0,259,True,Recommended,Game is great but.... because its early access there are alot of bugs. 1 happened to me where i could see through buildings.,PLAYERUNKNOWN'S BATTLEGROUNDS
2019-01-05,0,0,193,False,Recommended,load time &gt fun .... i miss old gta withought the opressors and deluxos,Grand Theft Auto V
2016-11-23,0,0,49,True,Not Recommended,Currently feels very unrewarding and is a massive timesink.I would love a survival of the fittest style round based gameplay built on it though. So many game breaking bugs that haven't been fixed.,Rust
2017-07-16,0,0,3728,False,Recommended,This game is perfect for the lighthearted as well as the hardcore gamer. It will easily entertain all types of players. 2500 hours and counting its a game i cant put down.,Rocket League®
2017-11-09,0,0,332,False,Recommended,Great game. A lot more fun if you play with friends but still good without them.,Dead by Daylight
2018-03-24,0,0,325,False,Not Recommended,Hi BAN for innocence /Sorry for my bad EnglishP.S. Wouldn't buy againPozdrawiam wszystkich czytających znajomych ( EDIT 28/3/18 odbanowany ale dalej ich nie lubię,Grand Theft Auto V
2017-06-16,0,0,241,False,Not Recommended,I always knew Rockstar would slip up and ruin their good name. I just never thought they could ruin this game. but now youve got $3 000 000 flying bikes going around and huge atvs people,Grand Theft Auto V
2018-11-04,1,2,145,False,Recommended,İt's a nice game which has infinite things that you could do.The story is too fun to play and there is too many funny scenes that makes you laugh while playing the story. Online is really good in Gta 5.I could say that it gives you one of the best online experiences that you could get from a open world game.Buy this game whenever you have money!,Grand Theft Auto V
2017-05-14,0,0,886,True,Recommended,This game is really fun but I do recommend you play solo when you first start out on this game. If you get familar with the controls and some mechanics it's a pretty good game.,PLAYERUNKNOWN'S BATTLEGROUNDS
2019-01-02,4,3,79,False,Not Recommended,If you are a PC Gamer with no console experience (like me) stay away from this game. I picked it up for 30 bucks still not worth it. It is a great game idea but the execution is infuriatingly poor. Graphics controls interface all make you want to smash your monitor. It might offer some tactical combat which is what I have been looking for but after a 30 minute walking tutorial the game doesn't teach you anything else it has to offer. You are left alone with a myriad of menus and options and I don't appreciate having to watch hours of youtube videos in order to get into a game.Finally in a game where the whole point is fighting big monsters constantly clipping through them totally kills immersion for me.,MONSTER HUNTER: WORLD
2016-12-31,0,0,267,False,Recommended,Ya hit balls n stuff,Rocket League®
2017-11-27,0,0,1,True,Not Recommended,Overhyped utter garbage with the worst community you'll ever play with. The game itself is actually comparable to a bucket of human faeces. Absolute 0/10,PLAYERUNKNOWN'S BATTLEGROUNDS
2017-12-31,0,0,975,False,Recommended,Game is good overall. Some lag issues when first spawning but overall good experience. Been playing a few months and has been the only game I have been playing atm.,PLAYERUNKNOWN'S BATTLEGROUNDS
2017-07-02,0,0,259,True,Recommended,I really recomed this game it's just to fun to play,PLAYERUNKNOWN'S BATTLEGROUNDS
2018-11-28,0,0,302,False,Not Recommended,genuine garbage,PLAYERUNKNOWN'S BATTLEGROUNDS
2013-12-27,0,0,114,True,Recommended,ROCK OUT WITH YOUR OUT,Rust
2017-11-25,0,0,161,True,Recommended,gud gaem,PLAYERUNKNOWN'S BATTLEGROUNDS
2018-12-29,2,1,75,False,Not Recommended,Disappointing!!!! I was so hyped for the game's release and when it was on sale I grabbed it without any hesitations. However the pc requirements for this game is ridiculus it makes my computer overheat and my graphics card crash. ( It ultimately requires me to spend several hundred more dollars so I can play the game smoothly not worth it! Disappointed in the treatment of Pc players from Capcom poor performance and late release of contents truly sucks. And after the game has been released for so long they havent made any improvements.,MONSTER HUNTER: WORLD
2018-01-29,0,0,125,False,Recommended,well take it or leave it you cannot deny this is a great game many games copying it like fortnite the game taking over twitch and beating csgo in player counts. The game is great for a competitive player who enjoys realistic gunfights etc. Some players may find it too hard or simply want a more less serious experience. But apart from that the game is great.Only catch is the hacking problem like many other popular games but hey its not to bad and most games you dont run into them.Definelty recommend buying,PLAYERUNKNOWN'S BATTLEGROUNDS
2018-07-08,0,0,120,False,Recommended,I like the game but it i think it needs a tutorial it is fun to find it out yourself but if you start it and dont know **** about the game its really hard but as longer you play it the better it gets.Recommended for hardcore survivalplayers!,Rust
2018-09-24,0,0,76,False,Not Recommended,Decided to give this game a try again after playing blackout I was iching from withdraw....Thankfully PUBG had no problem at reminding me why I left months ago...,PLAYERUNKNOWN'S BATTLEGROUNDS
2018-05-03,0,0,726,False,Recommended,Product received for free. this game testing togetherness and cohesiveness between teams,PLAYERUNKNOWN'S BATTLEGROUNDS
2017-06-18,0,0,82,False,Not Recommended,Rip OpenIV. I'm sorry being the 4th best selling game of all time wasn't enough for you Take 2.Those who like modding should stay away,Grand Theft Auto V
2018-01-25,0,0,519,False,Recommended,very good!,PLAYERUNKNOWN'S BATTLEGROUNDS
2016-06-27,0,0,0,False,Not Recommended,Let me know when I can rebind my keys and I'll give you another shot. 'Til then gfys devs.,Dead by Daylight
2018-11-25,0,0,144,False,Recommended,very nice game very nice russians and chinese people love em.10/10 grind for 3 hours then lose everything to a chinese man who has 300 hours of experience with a spear.,Rust
2017-06-18,0,0,30,False,Not Recommended,No mods. No Fun.,Grand Theft Auto V
2017-05-14,0,0,858,True,Not Recommended,Not worth atm. Perfomance problems means that you have to use a rly high pc to play it good Game will crash many times Unfair as long as 3rd person view is included (Camping behind walls stairs etc) To many vehiclesI hope that the upcomming hardcome mode (without crosshaird and only 1st person) will bring the chance.,PLAYERUNKNOWN'S BATTLEGROUNDS
2018-08-30,0,0,267,False,Recommended,Finally fixed the connection issue!,MONSTER HUNTER: WORLD
2015-04-25,0,0,175,False,Recommended,The best polished game ever made.,Grand Theft Auto V
2019-01-25,0,0,82,False,Recommended,Product received for free. Nice game,PLAYERUNKNOWN'S BATTLEGROUNDS
2016-11-25,0,0,1277,False,Recommended,Pretty good job so far ). Not perfect but still provides a ton of fun. Surprisingly really good for a non AAA title.,Dead by Daylight
2018-02-28,0,0,289,False,Not Recommended,Stopped being a good game when they forced you to pay to open crates.,PLAYERUNKNOWN'S BATTLEGROUNDS
2017-12-16,0,0,1286,True,Recommended,most fav game rn,Rust
2018-08-10,0,0,76,False,Recommended,A breath of life back into a beloved and amazing franshice I and many other have been yearning for for years. This game delivers everything I could have dreamed of and then some streamlining systems that needed to be without casualizing it. It's best played with a controller rather than mouse &amp keyboard but unlike some other reviewers seem to think that DOESNT make it a bad game. There's some connection issues but that DOESNT make it a bad game.It is a very good game with some unintended problems. Stop ignoring the good things about a game because of bugs your garbage internet or toaster computer.,MONSTER HUNTER: WORLD
2017-03-05,0,0,92,True,Recommended,Well worth every penny even in its Alpha,Rust
2017-01-30,0,0,1081,True,Not Recommended,play this game if you enjoy unstable gamplay along with worse cheat then vac russian s running around using aimbot is awesome!,Rust
2018-06-17,0,0,0,False,Not Recommended,CHUJOWE JAK,PLAYERUNKNOWN'S BATTLEGROUNDS
2016-11-25,1,2,1606,False,Not Recommended,UPDATE 29/08/17 Just like they did before GR hit R*s been nicking peoples cash again. I personally made about 5 mil from the I/E double money event and a couple days later R* took 1.2 mil away. Though I should count myself lucky there are people who got Criminal Mastermind money taken and even Shark Card money! If you browse the Discussions keep an eye out for the R* defense squad if you make a post about lost money they'll spam links and cheating accusations all over. Game's decent.. Plays good looks good sounds (mostly) good. Online mode can be a bit hit and miss sometimes you get good sessions with no greifers or cheaters other times its a cluster of chaos. Discussion boards are nothing but a huge garbage fire stay away if you dislike salt and poop (because my god does it get thrown around a lot).R* doesn't seem to know exactly what they're doing with the game as of late giving rediculously OP vehicles and weapons to the richest of players while leaving the ones at the bottom to seek glitches for empty sessions just to play the game. Of course if you bring this up the vocal minority of braindead psychopaths that lurk in and around the games playerbase will say that they're 'just playing the game as it was intended' but don't bother listening to that lot. Over time you may find some decent people to play with (I've made friends with quite a large group of people over the past few months) but at the end of the day GTA Online in some ways is like Rust. You start at the bottom and either get killed on sight by some or you grind up to the top and eventually become the who kills on sight. Though there will be some exeptions that's essentially how it plays out.UPDATE 24/03/2018 The banocalypse is here god save us all (Exept for iD and FIREFLY they can go hump a cactus naked).,Grand Theft Auto V
2018-02-21,0,0,396,False,Recommended,Very good game. Do not buy when price is 60$ wait for the sale. I recomend to players who likes cars tuning robberys and teamwork.,Grand Theft Auto V
2018-01-02,0,0,120,False,Not Recommended,im quit...dont buy this game if you dont have much time...,PLAYERUNKNOWN'S BATTLEGROUNDS
2015-02-02,0,0,1228,True,Recommended,IT'S YOURSELF.,Rust
2018-01-18,0,0,323,False,Recommended,You really shouldn't be listening to the massive influx of negative reviews the context is that the game was patched that featured a lot of balancing of broken survivor mechanics and reworked some killers that needed some love. A good majority of these negative reviews are salty survivors who are finding difficulty getting used to these balances and instead of working to improve their skill they rather bombard it with negative reviews and blame the devs. This game has never been more balanced and I hope the devs continue to go in this direction for the rest of the games lifespan.,Dead by Daylight
2018-08-09,1,29,195,False,Recommended,"On max settings I am getting rock solid 60 FPS at 1080P. Seems to be a decent port. Tragically I have to go to work will update review after the weekend. If you are worried that it is a bad port due to some arsehats review bombing the game I wouldn't be PWeek 1 Update Played far too much this week P Having heaps of fun only real annoyance has been the occasional disconnect during multi player. I did some research and added some port forwards to my router as well as laucnh options that seem to have helped maintain a more stable connection. You wouldn't know if from the forums but it has been a pretty smooth launch week IMHO PWeek 2 Update I love the emergent gameplay when you are hutning one monster and a whole bunch of monsters start fighting each other right on top of you! It can be sheer bloody chaos P Still getting disconnected in co op a couple of times a night not in love with that issue hopefully a fix gets released soon. It is very hit and miss! I ran one session with 16 people for 3 hours other times I DC 5 minutes into an investigation.Week 3 Update Patch has fixed Co op disconnection issues. Had a really fun weekend even when we ""failed"" a few quests we still had a hoot. Have not had once DC all weekend in way too many hours of playing DBloody hell it's been a month update P Launch week was a bit of a rollercoaster (complete with some screaming and projectile vomiting). I haven't had any disconnection issues for weeks. I am also using some QoL mods and a ReShade so it is fair to say it's not perfect (or I wouldn't be modding) but what game ever is. TLDR bloody good fun few annoying things (like it being hard to see loot drops on the ground) easily fixable with mods.",MONSTER HUNTER: WORLD
2013-12-26,0,0,412,True,Recommended,A terrific game it takes Minecraft and DayZ to a new level. Gather craft build survive. PvP really makes this game if you do not like getting killed and making and taking risks then stick to PvE servers instead of crying. 3 thumps up try it for yourself worth every penny.,Rust
2015-07-14,0,0,12,False,Recommended,it's fun to spin around the whole map and get those 100's refills. 10/10 would spin again.,Rocket League®
2017-12-29,0,0,80,False,Recommended,cant play it on a potato but the game is good though.,PLAYERUNKNOWN'S BATTLEGROUNDS
2017-11-23,0,0,89,False,Recommended,Peri gud gem,Rocket League®
2018-01-16,0,0,26,False,Recommended,scary games do not get my blood pumping as this game does especially if you are on voice chat with buds tryin to juke the hunter. Random screams will freak you out and suprise *bit ch* slaps can turn the strongest players into crying sissies (at first). With the constant updates and new characters on frequently its ever so fun.,Dead by Daylight
2018-10-31,0,0,489,False,Not Recommended,such a bad game developer are just adding new things to make money in bad game mechanics,PLAYERUNKNOWN'S BATTLEGROUNDS
2017-11-24,0,0,174,True,Recommended,why u kill me,PLAYERUNKNOWN'S BATTLEGROUNDS
2017-06-16,0,0,41,False,Not Recommended,As many of you already know Take Two Interactive has shut down OpenIV. This tool was solely for SP mods. All of the mods for it couldn't be used in Online to affect other players negatively. OpenIV allowed for great mods such as custom textures characters graphics vehicles weapons and maps. Modded SP is a million times more fun than GTA Online.Once Take Two corrects their unethical and greedy buisness practices I will give this game a positive review.,Grand Theft Auto V
2017-06-18,0,0,80,False,Not Recommended,Treat mod developers with respect you ing shills,Grand Theft Auto V
2018-07-04,0,0,106,False,Not Recommended,bad,PLAYERUNKNOWN'S BATTLEGROUNDS
2017-06-15,0,0,446,False,Not Recommended,Don't buy unless Take Two revert their decision to ban mods...what terrible shame this is.,Grand Theft Auto V
2017-01-06,0,0,246,False,Recommended,LOGICAMENTE UM DOS MELHORES JOGOS !!!!!,Grand Theft Auto V
2017-12-21,0,0,55,False,Recommended,I am god,PLAYERUNKNOWN'S BATTLEGROUNDS
2016-11-23,0,0,18,False,Recommended,except a few random bugs this is a good game fun a stressful,Dead by Daylight
2018-10-25,0,0,29,False,Recommended,Start this game few days ago but i love it!,Dead by Daylight
2016-11-28,0,0,125,False,Recommended,Very entertaining and fast paced game that can keep you busy for hours.,Rocket League®
2017-11-11,0,0,464,True,Recommended,this game is really good,Rust
2015-04-14,0,0,103,False,Recommended,4 20 nice,Grand Theft Auto V
2018-06-25,1,1,185,False,Not Recommended,ok game but has a very toxic playerbase which are either hacking or groups of up to 10 people raiding for no reason,Rust
2018-09-22,0,0,147,False,Not Recommended,unoptimized piece of i want a refund!!!!!!!!,PLAYERUNKNOWN'S BATTLEGROUNDS
2017-06-24,1,4,286,False,Recommended,just love this game. the SP one not the MP.,Grand Theft Auto V
2018-11-25,0,0,640,False,Recommended,nice,Grand Theft Auto V
2016-11-24,0,0,273,False,Recommended,all gameeee,Grand Theft Auto V
2016-02-28,0,0,210,False,Recommended,its good if ur good...im a mlg pro,Rocket League®
2018-01-29,0,0,32,False,Recommended,Great game. 10/10. Po i is my city,PLAYERUNKNOWN'S BATTLEGROUNDS
2017-09-03,0,0,2,True,Recommended,addictive,PLAYERUNKNOWN'S BATTLEGROUNDS
2014-09-25,0,0,4,True,Not Recommended,KILL EVERYONE ON SIGHT WITH A ROCK!,Rust
2017-07-03,0,0,26,False,Recommended,I love that the Dead By Daylight team made this available on ps4! Thank you so much for making my dream come true!,Dead by Daylight
2016-06-21,0,0,44,False,Recommended,I have changed my opinion on this game as the Developer has listened to the players and given us survive with friends and fixed many bugs. The game is now very enjoyable and most complaints I had in my review below have been dealt with. Pretty sweet game now. EDITED OLD REVIEW NOT LONGER CURRENT OPINION.Great concept of a game but it's nothing new nor has it been QA'ed properly. Game crashed frequently for me ruining some fun games I actually did have while learning. Some random small bugs but nothing game breaking bigger problem was connection problems making game pretty laggy at times. Damned a game with a very very similar concept and gameplay also suffered connection issues but never crashed for me and was much more spoopy. This game is definitely horror themed but is more frantic/thriller rather than horror. To compare in movies Damned is The Ring and Dead by Daylight is Texas Chainsaw Massacre. Final Verdict Fun game during the times it did not crash for me but barely got to finish most games because of those crashes. Sure i could look up solutions but i shouldn't need to do that for something i'm purchasing. Not worth the money so I refunded it. Purchase Damned instead for this sort of game which has little bugs no crashes custom lobbies to play with your friends without a need to dodge queues constantly and much more spoopy gameplay with the same concept get objectives and escape the area.,Dead by Daylight
2016-04-16,0,0,0,False,Recommended,Realy cool game,Rocket League®
2016-02-14,1,4,151,True,Recommended,"From the man himself who brought you Garry's Mod.The literal definition of a sandbox game.With full online multiplayer interaction and capabilities.Minecraft met Fallout online &amp birthed Rust.Harvest crops &amp prey for food clothing shelter &amp weapons.Kill anything to survive or form an alliance &amp raid everything. ""Who will survive? "" in my book.",Rust
2018-04-14,0,0,58,False,Recommended,Bueno.,Rocket League®
2016-11-28,0,0,15,False,Recommended,Amazingly fun game even if you don't like soccer! With hundreds of customizable options even without the DLCs and many more with any of them. Gamemodes are fun and it runs and looks great! The soundtrack is really the only lacking element everything else is done so well! I suggest using a controller it will make your life easiler and it's way more intuitive than keyboard/mouse controls.,Rocket League®
2013-12-30,0,0,16,True,Not Recommended,I played this game when it had zombies. I envisioned that it had amazing potential until one day they removed zombies.It shows how lazy they are to work on the game and decided to scratch a big aspect of the game. If I wanted an in depth survival building game I'd go back to Minecraft.Good luck to the developers. Wish I could have gotten a refund.,Rust
2018-07-08,0,0,467,False,Recommended,I've bought this game on two systems and love it dearly. Is the online pay to win? Yes. But I have had tons of hours of fun with it and never spent a dime.,Grand Theft Auto V
2017-12-15,0,0,268,False,Recommended,It's alright10/10,Rocket League®
2017-12-22,13,1,116,True,Recommended,coolest game 11/10,Rust
2018-06-30,0,0,30,False,Not Recommended,Way too many hackers even with clear evidence of hacking no one ever gets banned. I would really appreciate a refund.,PLAYERUNKNOWN'S BATTLEGROUNDS
2018-06-20,3,3,119,False,Recommended,Fun and intense as hell,PLAYERUNKNOWN'S BATTLEGROUNDS
2016-05-31,0,0,181,False,Recommended,Yes.,Rocket League®
2016-11-24,0,0,338,False,Recommended,Nice game with great story,Grand Theft Auto V
2015-12-24,0,0,18,False,Recommended,best game everwill definitely car flip again11/10,Rocket League®
2015-11-28,0,0,345,False,Recommended,Best Game Ever!!!!,Grand Theft Auto V
2018-01-23,2,1,65,False,Not Recommended,Fortnite is actually a viable alternative now,PLAYERUNKNOWN'S BATTLEGROUNDS
2016-01-27,0,0,98,False,Recommended,"""Easy to get the hang of difficult to master""This is usually the phrase to describe any great and highly addictive game i.e. it describes a sweet spot. Rocket League is right in the middle of that sweet spot you can be up and playing in about 10 mins following the tutorials but to get really good requires dedication.Its such a dangerously addictive game as well. Every goal you score just makes you want to score another one.A gamepad is pretty essential I'd say",Rocket League®
2016-10-13,0,0,81,False,Recommended,gg ',Rocket League®
2014-07-04,0,0,2537,True,Recommended,Good really fun game! Play it 24/7 #NoLife but i dislike all the hackers (,Rust
2017-06-22,0,0,772,False,Not Recommended,Take Two Back off or let this GTAV or maybe rockstar die in un peace,Grand Theft Auto V
2017-04-12,0,0,106,True,Not Recommended,this game run poor even for alpha. 720p with a 1060 and amd 6300 and i get around 20 frames all setting medium. Getting killed due to dropped frames and lag very frustrating,PLAYERUNKNOWN'S BATTLEGROUNDS
2016-08-17,0,0,260,False,Recommended,The online is playable now you can buy it.,Grand Theft Auto V
2016-01-06,0,0,39,False,Recommended,The best version of Grand Theft Auto since the beginning of time.,Grand Theft Auto V
2016-09-20,0,0,178,False,Recommended,"2016 review Got killed by a guy after we shot him 1 time with a shotgun and 3 times with a gun. He shot 2 times with a crossbow and we got killed. Also rocks are the stupidest thing to find the game is when it comes to rocks. Also animals clip through everything so you can't catch or run away from anything. Also bears walk on water. UPDATE Other than a horrible cheating issue where you can instant heal and make walls instantly to the best material you have on you. They mostly fixed the above issues. (I did shoot a person 3 times with a modded out Spas 12 with slugshots in the face from 5 feet away in the span of about 3.5 seconds. And he ended up spamming me in the face with a pistol and i died *note* i was wearing brand new metal face mask and metal armor and he had nothing on. Admin did not call any cheats from his ""logs"" but i can't see how anything else would be possible with the sounds of me hitting him.) So yea cheating is still an issue but they fixed alot of bugs improved gameplay graphics and animal AI. That is no more bears walking on water deers clipping through rocks etc. The fact that they kept adding stuff and fixing issues must be held to praise with these devs adding boats and all the things you would expect that come with boats. I can now sucessfully conclude this review from a would not recommend to a would recommend. Good price fun with friends and devs work harder than PUBG devs so yea overall great job.",Rust
2015-09-09,0,0,256,False,Recommended,So for some reason I came back to this game. I don't know what compelled me to do so but man am I glad I came back. Before yesterday I didn't ever want to pick this game up again. I just felt that the game got really bland and boring after a while and I just didn't see a reason for me to return since I had done pretty much everything to do. However for some reason when I came back I found this game to be extremely fun. Like I don't know why but I found everything in this game to be way more enjoyable than when I first started playing. Even the campaign was fun to me. As if I haven't said it enough this game is EXTREMELY fun and now more than ever I can fully recommend this game. I do however recommend you pick up the GTA 5 Redux mod. It truly does enhance your experience (In my opinion.),Grand Theft Auto V
2018-08-02,0,0,88,False,Not Recommended,The game is mediocre when it works well which is ing rarely. The movement is clunky and you often get shot after you've got behind cover. The game needs to be fixed before they start trying making it into an e sport.,PLAYERUNKNOWN'S BATTLEGROUNDS
2017-11-12,2,1,413,True,Not Recommended,Hackers and cheaters appearing way more recently making every game you play a hell of a time. Well at least for me it was. I was in a game where i was watching a air drop and i just suddenly got headshot with a scar which came all the way from mylta across the ocean. Only one shot was fired and that one shot was the headshot that killed me. I have played this game for 200 plus hours previouisly until recently I have only played for a few hours due to the amount of hackers making me feel playing this game is a waste of time as winning the game is near impossible with all these hackers around. Sorry Bluehole but Im gona leave a negative review and refrain from this game until these hackers are banned and removed from the game,PLAYERUNKNOWN'S BATTLEGROUNDS
2016-05-06,0,0,22,True,Recommended,ISIS Simulator 2016 with Authentic Equipment,Rust
2015-12-05,3,1,1016,False,Recommended,Steal cars +1Get 0wnd by popo +1Online +1Fish +1Roll paper by shooting ppl in a bank +11864/911 best g4m3 0f th3 y34r,Grand Theft Auto V
2017-06-17,0,0,7,False,Not Recommended,"Beautiful game ruined by new modding policies. Definitely a ""don't buy"" from me. This is not the way to keep a game alive after release and no way to treat fans.",Grand Theft Auto V
2017-08-31,0,0,175,False,Recommended,wery wery exelent game,Grand Theft Auto V
2016-01-02,0,0,1,False,Recommended,10/10,Grand Theft Auto V
2018-05-29,0,0,264,False,Recommended,&lt 3,Rocket League®
2015-07-21,0,0,142,False,Recommended,Great game with tons of fun.,Rocket League®
2018-01-25,0,0,79,False,Not Recommended,"I have a 8 gb ram and it keep poping out ""out of game memory"" everytime I start the game. I was able to play this game easily in the past and played 55 hours already. However I can't even get in to the game now.",Grand Theft Auto V
2017-10-26,0,0,653,True,Not Recommended,这游戏太多挂了 几乎每局都有 这还怎么 玩,PLAYERUNKNOWN'S BATTLEGROUNDS
2018-04-23,0,0,141,False,Not Recommended,This game is I have a ryzen 5 1600 and a GTX 950 I know it's not the best but I have 200 FPS in Overwatch 60 in Dark Souls 3 and basically 60 in every other game. I have an average of ING 50 FPS ON VERY LOW. This is t. I also get killed by t I never even see my opponents and if I finally do I die. My aim is bad? you it might be bad but this is still t. Then you also have the money greedy devs who think cosmetics are better than gameplay. The servers were the optimisation was but what do they add? APPLES OK ING APPLES!,PLAYERUNKNOWN'S BATTLEGROUNDS
2015-10-11,0,0,481,True,Recommended,i havent played Rust in a while now but i played rust a long time ago when it first came out and the devs of rust are really active close to the community making it a fun experience for everyone there is a lot to find in this game lessons to be learned friends to make and enemies of course i have played a lot of survival games and there is something about rust that makes me keep coming back for it its unique it looks good its just THE BEST SURVIVAL GAME.... HOWS THAT FOR A REVIEW FORGET EVERYTHING I SAID BEFORE THIS GAME IS THE GOD OF SURVIVAL GAMES...nominated this for steam awards,Rust
2016-12-23,0,0,252,False,Recommended,Realise your eSports career with Rocket League. As you advance into the game and develop your playing style this game opens up.,Rocket League®
2017-03-24,0,0,1281,False,Recommended,Best Battle royale game ever.,PLAYERUNKNOWN'S BATTLEGROUNDS
2017-06-21,0,0,266,False,Recommended,Extremely fun game. Long playable story many times over!,Grand Theft Auto V
2017-01-04,0,0,84,False,Not Recommended,I'm having far more issues with this than I ever did with the non SE version. So many unexplained crashes to desktop.,The Elder Scrolls V: Skyrim Special Edition
2019-01-13,0,0,258,False,Not Recommended,im banned from steam but im not cheater sad .,PLAYERUNKNOWN'S BATTLEGROUNDS
2016-11-10,0,0,861,True,Recommended,&gt Spawn&gt Farm&gt Die by 20 man's clan&gt rage quit&gt 700 hours of gameplay.9.5/10,Rust
2017-06-15,0,0,679,False,Not Recommended,It's funny that the month I finally sit down and go Ya know... I think it's about time I get to modding in LSFPDR and trying to police the chaos that is GTAV... of course they go and squash modding. Good Fight in local I'mma just off back to nullsec.,Grand Theft Auto V
2016-11-23,0,0,11,False,Recommended,Product received for free. Want to have fun with your friends? knock off their controllers when you play with them. Also watch W33ha stream to learn some of the tricks.,Rocket League®
2018-04-11,0,0,119,False,Recommended,if you dont buy thus game and go play fortnite that means ur gay!,PLAYERUNKNOWN'S BATTLEGROUNDS
2015-02-25,1,1,14,True,Recommended,10/10New name for the game Lose Friends simulator 2015!(Very good though),Don't Starve Together
2016-11-24,0,0,4,False,Recommended,Very Good game with God like creepy Monsters. ),Dead by Daylight
2018-08-24,0,0,173,False,Recommended,Easily the best Monster Hunter game for beginners. Though I find myself going back to MHXX (and soon MHGU wooooo!) there is still more than enough content for the price and will keep you entertained for a long time.,MONSTER HUNTER: WORLD
2015-08-16,0,0,200,True,Recommended,Saw a 10/10.,Rust
2017-09-21,0,0,270,True,Recommended,Hella fun totally worth it.,PLAYERUNKNOWN'S BATTLEGROUNDS
2015-03-30,2,1,12,True,Recommended,So you wanna purchase Rust.. Lets see! You spawn as a naked man. Oh wait! Who is this? Another naked men! Let's be frien ur dead. Oh are those red dogs? Nope they are not. Bears bears everywhere. Ok you respawned in the middle of nowhere. You hear noises and you get a blurry vision just like you took drugs. Boom radiation killed you. You found some cool guys you wanna build a base. Everyone collected goods and ready to build it. But some guy shows up with a fine a$$ gun and shoots you all. But you are ambitious cuz you paid 30 dollaz to this bad boy. Seriously when you die it tooks about 15 minutes to find your friends. And lastly never trust a naked men who has a rock on his hand.10/10 would die again,Rust
2017-03-26,0,0,381,False,Recommended,MEEEEEEEEEEEEEEEEEEEEEEEGGGGGGGGGGGGGGGGGGGGGGGGGAAAAAAAAAAAAAAAAAAAAAAAAA 69/10,Grand Theft Auto V
2016-11-25,0,0,1174,False,Recommended,Great game that seems simple when first seen but has lots of depth creating skill barriers between different players.,Rocket League®
2018-11-21,0,0,378,False,Recommended,Fun skill based game. I dunno...,Rocket League®
2018-03-24,0,0,189,False,Recommended,mhm,PLAYERUNKNOWN'S BATTLEGROUNDS
2015-02-02,0,0,1181,True,Recommended,hambrger pls,Rust
2017-03-04,0,0,1024,False,Not Recommended,Competitive game holding esport tournaments with pro players... still dont want to fix game changing bugs. They act like nothing is wrong. Visit rocket league reddit to see how bad it is. Addition to this is toxic community with insecure players. Very few normal people. Looks like they care only about money. One dlc costs 1/5 of full game price or you can buy 11 cars 2 each(yet... they are adding new cars often). I enjoyed it for first 100 200 hrs. It is fun but at the same time its not. Shame on Psyonix.,Rocket League®
2015-06-11,0,0,94,False,Not Recommended,Rockstar a company known for stellar consumer relations decided to raise the price $20 and put it the game on a 25% sale for summer. Good job Rockstar good job.,Grand Theft Auto V
2018-03-18,0,0,422,False,Recommended,BEST GAME I BOUGHT!,PLAYERUNKNOWN'S BATTLEGROUNDS
2017-12-30,0,0,13,False,Not Recommended,Banned For No Reason! This Game. brob gonna buy it again tho knowing me.,PLAYERUNKNOWN'S BATTLEGROUNDS
2017-11-22,0,0,31,False,Not Recommended,Such an awful game full of awful people Rockstar doesn't care about their players they just care about money,Grand Theft Auto V
2017-06-15,0,0,310,False,Not Recommended,Yeah they ban people from the online version who have never used mods and are strict anti modder and then do not even review why the system did it. well theres 3 years down the hole for i and 5 of my crew. We were a group who reported modders as part of our crew creedo too. nothing but a complete letdown. and when they unbanned us after the set time they immediatly rebanned all of us permenantly without reason. Rockstar and Take Two you can go yourself with a hot iron spiked rod sideways.,Grand Theft Auto V
2018-12-25,0,0,259,False,Recommended,I remember times when rust was released and it was piece of garbage game without any potentilal. Now I tried it because devs of Reign of Kings are just scammers so I moved here. Now I have to admit that game assets looks really good and gameplay is actually very good. increasing player base is well deserved very good game now. Recommended,Rust
2017-06-20,0,0,172,False,Recommended,Very nice ),Rocket League®
2017-05-09,0,0,495,True,Recommended,Jumped out of a plane landed found a scar and sniped 3 dudes still parachuting in 10/10 would snipe again.,PLAYERUNKNOWN'S BATTLEGROUNDS
2018-11-11,0,0,908,False,Recommended,Good Competitive game. Community is pretty toxic though.,Rocket League®
2017-12-23,0,0,206,False,Recommended,there was no lag at all i loved it,PLAYERUNKNOWN'S BATTLEGROUNDS
2018-03-05,0,0,103,False,Recommended,Is gooood,Rust
2018-02-18,1,1,32,False,Recommended,Very funny cool and good,PLAYERUNKNOWN'S BATTLEGROUNDS
2017-01-01,0,0,187,False,Recommended,SCORE 9.6/10This is the best Civilization yet and feels like it has already has a major expansion. It took everything good from IV and V and combined them with some new stuff like districts and honestly a gorgeous art style. I've played them all and this one is the best and will continue to add and improve for years!,Sid Meier’s Civilization® VI
2016-11-27,0,0,1229,False,Recommended,One of my top games of all time. A genius example of easy controls and incredibly deep systems to master.,Rocket League®
2015-06-15,0,0,1017,True,Recommended,A very good surival game.,Rust
2017-06-17,0,0,35,False,Not Recommended,Don't buy now read rest of reviews and see why.,Grand Theft Auto V
2015-06-12,2,1,44,True,Recommended,Peni in the game11/10 testicles.,Rust
2017-11-23,0,0,221,True,Recommended,i still love to play this game despite everything that needs to be fixed but its still in early access so there is time for it to improve.,PLAYERUNKNOWN'S BATTLEGROUNDS
2016-12-05,1,1,574,False,Recommended,The game is pretty much frustrating. It is pretty hard to hit the ball from time to time especially when it's pretty high and you suck at the game.However I usually play ranked on 2v2 when I don't have any friends playing I like always meet someone to play with for the evening or even after that.The community can be toxic but the game is definitely worth playing! (I have crossplay disabled),Rocket League®
2016-05-11,0,0,2528,False,Recommended,D,Rocket League®
2017-06-21,0,0,186,True,Recommended,This game is dope!,Rust
2018-08-31,1,1,121,False,Recommended,Great game with friends and hours of gameplay.,Sid Meier’s Civilization® VI
2016-04-16,0,0,111,False,Recommended,Great Game &lt 3,Rocket League®
2016-09-01,1,1,359,False,Not Recommended,I didn't violate the rules of the game but I was disabled by two numbers.,Grand Theft Auto V
2017-09-11,1,1,157,True,Recommended,10/10 even though it's still early access it's still a good game,PLAYERUNKNOWN'S BATTLEGROUNDS
2017-10-25,0,0,950,True,Not Recommended,PLEASE READ and HEEDDo not buy this game until Hackers are no more. They will ruin your luck tactics expectations and overall experience.Imagine looting for half an hour to grind all your end game gears. Then comes the deciding moment when you and your squad plus the last remaining 8 players and this player with a name you certainly cannot be proud of naming for yourself shows up killing a squad all at once with a headshot. That's waste of time. Time we can otherwise use for other things as we lay off our tired shoulders from work.,PLAYERUNKNOWN'S BATTLEGROUNDS
2017-04-05,0,0,45,True,Recommended,not an indepth review here but imo its better than h1z1 dayz and arma 3 combined because it incoroporates elements from all of those games the scavenging of dayz the pace of h1z1 and the tactical format of arma 3. so basically its perfect if you like those games. people are crying that its buggy and poorly optimized or whatever and... it is. but thats because IT JUST CAME OUT.devs will be improving it over time. i wouldnt recommend unless you have a really good cpu and gpu because i have gtx 1060 SC and i5 3350P 3.1ghz and 8gb ram (none of which are not top end but still very good). with that i get 50 70 fps on very low settings which is really bad. i get 25 40 on normal. so i really hope this changes in the future. that said if you can get around 60fps on very low then will be fine. overall its a fantastic game. it is exactly what i want for this type of survival game. they finally got it right.,PLAYERUNKNOWN'S BATTLEGROUNDS
2016-07-22,0,0,709,False,Recommended,its rather good and i like it,Rocket League®
2017-06-19,0,0,92,False,Not Recommended,NO MORE MODDING... THIS!!,Grand Theft Auto V
2015-08-27,0,0,28,False,Recommended,Do you like rocket cars? Yes!Do you like viritual football? Yes!Well then this game is for you!The game is very easy to learn but very hard to master.,Rocket League®
2017-06-15,0,0,38,False,Not Recommended,After having seen others play and praise this game i decided to give it try while i did enjoy the gameplay in single player and the hiest missions in the multiplayer i found the real fun in the modding. after hearing some recent news that Take 2 is trying to kill off the BIGGEST mod and one of the best i feel that i need to join in the rally of the others to send a message that we do not stand for you stop us from taking away our Single Player Mods.,Grand Theft Auto V
2017-08-12,0,0,33,True,Recommended,great to play,Rust
2017-03-15,0,0,317,False,Recommended,"This is one of those rare games that I have 100% loved from my very first game to my most recent. Rocket League has always been a very consistent game with developers that listen to the community and continue to provide updates on a regular basis. I played Rocket League on PS4 back when it first released and loved it so much I had to buy it again when I switched to PC gaming. The newest Rocket Pass has added a fun sidebar to the game although I think they could improve it by adding daily or weekly challenges. Right now it's just a matter of playing enough matches and earning enough XP to level up your Rocket Pass. I think adding ""challenges"" like ""Score 3 goals"" or ""Center 5 balls"" would add more incentive for players to grind for the next Rocket Pass tier.",Rocket League®
2017-11-20,0,0,368,False,Recommended,Great game great times. Must Buy !Update 25.11.2018Game got better with time. Devs doing a great job of balancing and keeping the comunity engaged. Worth buying !,Dead by Daylight
2017-05-21,0,0,640,False,Not Recommended,Run across the map to run from zone shot at by kids tanking the zone get out of zone. Get sniped by Kar98s from every angle knock one person out get shot in back and die. Rinse and repeat game. Clunky movement bad optimization bad gunplay. Just a waste. Blackout will now dominate the BR scene until Bluehole figures out how to improve their game.,PLAYERUNKNOWN'S BATTLEGROUNDS
2015-05-22,1,1,1991,True,Recommended,recommended if you like torture. The game improves regularly the community does not.,Rust
2018-07-11,0,0,189,False,Recommended,"The online was unuseable for the first like 9 months it was out because of hackers so it gets a bad score. Then they add rules regulateing how you play or your considered ""insane"" and they throw you on a server full of other lunatice and thats no fun. The single player was a gahd dahm mastapiece. 3/10 online 10/10 campaign",Grand Theft Auto V
2017-06-22,0,0,0,False,Not Recommended,Bring back modding. Modding is THE ONLY REASON this game is fun. I have bought the game for the third time just to mod and now you have ruined my experience with the game.,Grand Theft Auto V
2018-06-24,0,0,423,False,Not Recommended,Same studio that brought you Sonic '06,PLAYERUNKNOWN'S BATTLEGROUNDS
2017-09-03,0,0,727,True,Recommended,awesome!,PLAYERUNKNOWN'S BATTLEGROUNDS
2017-05-22,0,0,640,True,Recommended,Camp like a and you will win.,PLAYERUNKNOWN'S BATTLEGROUNDS
2017-09-13,1,1,66,True,Recommended,Let me preface this by saying This game runs like absolute garbage on ANY PC you throw at it. I have a $1 000 rig and I have friends with multi thousand dollar rigs and it kicks all of our rig's butts equally. This game NEEDS optimization. Me saying this may turn one off from playing the game.BUT HOLD ON. IT GETS BETTER.PUBG though a laggy buggy piece of trash manages to be one of the most fun games I've played in years. The RNG element and high intensity of the end game allows for extreme replayability even though you're essentially doing the same thing over and over. I love this game especially when I'm playing with my friends. Hopefully with some performance optimization this will become one of the best games available on steam rivaling giants like DOTA and CS GO.Cons Poorly Optimized Buggy on all computers even high end rigs Lag Spikes common even on fast networks Developers don't seem to listen to the community Low tick rate servers lead to poor hitbox scanningPros Intense amount of fun Infinite Replayability Good Combination of Luck and Skill 10/10 Frying Skillet deflects bullets NO META,PLAYERUNKNOWN'S BATTLEGROUNDS
2016-05-29,0,0,104,True,Recommended,I've been very on off with this game for the last two years. In my experience this game is amazing to play with friends on a populated server and really any engagement in this game gets your heart pumping. But there's also down sides nothing is more depressing than logging on and seeing that your base was raided while you were asleep or at work. But then again doing the same thing right back to someone is extremely fun. Overall I think this game is well worth the price especially if you have friends to play it with.,Rust
2017-06-25,0,0,223,True,Recommended,Great game! A few bugs but that's to be expected from a game thats in pre release.,PLAYERUNKNOWN'S BATTLEGROUNDS
2015-07-12,0,0,24,False,Recommended,ShatterProof69.,Rocket League®
2017-06-19,0,0,136,False,Recommended,It's not bad but the microtransactions for multiplayer and issues with hacking are a real problem and almost a deal breaker.,Grand Theft Auto V
2018-01-14,0,0,278,False,Not Recommended,Too many hackers. Literally unplayable,PLAYERUNKNOWN'S BATTLEGROUNDS
2017-10-14,0,0,13,True,Recommended,pre good,PLAYERUNKNOWN'S BATTLEGROUNDS
2017-06-11,0,0,1585,False,Recommended,Dead by DAylight is a wonderful game Even if they haven't added dedicated servers yet.,Dead by Daylight
2018-08-21,0,0,129,False,Recommended,10/10 would squad with black dudes with pink twin tails again,MONSTER HUNTER: WORLD
2018-01-13,0,0,38,False,Not Recommended,Server lock the Chinese.,PLAYERUNKNOWN'S BATTLEGROUNDS
2015-01-31,0,0,15,True,Not Recommended,terrable cant make your own sever only multiplayer and noreal instructions!!! HATE IT!,Rust
2018-11-21,0,0,279,False,Recommended,Great Game If You Have Some M8's To Chill With!,Rust
2017-03-23,0,0,176,True,Recommended,good game,Rust
2017-03-24,0,0,164,True,Recommended,So far so good.,PLAYERUNKNOWN'S BATTLEGROUNDS
2017-10-01,0,0,258,True,Recommended,Amazing game! A little frustating since there is people who are pro players and you could be pitted against them even though this may be your first FPS. If they add a ranking system it would fix this problem. Also this game is best with friends if I play alone I tend to die more and get more mad. Overall one of my favorite games of the year!,PLAYERUNKNOWN'S BATTLEGROUNDS
2017-11-24,0,0,403,False,Recommended,Great game love playing both killer and suviver ... no mac compatibility xD,Dead by Daylight
2017-06-17,0,0,109,False,Not Recommended,Thank you Take Two.,Grand Theft Auto V
2017-10-12,0,0,1201,True,Recommended,If you like 12 year olds screaming at the top of their lungs saying they are going to your entire family then this is the game for you!,Rust
2017-12-20,0,0,93,True,Recommended,me wtf this game suck how did i miss all my shot its game i want a refundsquad Ready Up Squadme alrightthe reality of this game,PLAYERUNKNOWN'S BATTLEGROUNDS
2017-12-14,0,0,21,True,Recommended,10/10 would lag againYou know the game's good when the australian servers are as good as a potato found on the moon and used for sharpening knives.Doesn't make sense I know but neither does the amount of cancer lag and bugs I encounter on the game,PLAYERUNKNOWN'S BATTLEGROUNDS
2018-08-19,0,0,788,False,Recommended,Product received for free. How to get bad fps 101 step 1 follow thisRECOMMENDED Requires a 64 bit processor and operating systemOS Windows 10 64bitProcessor Intel Core i7 4690K / AMD Ryzen 5 1600Memory 16 GB RAMGraphics GTX 980 / AMD R9 FuryDirectX Version 12Network Broadband Internet connectionStorage 20 GB available spacestep two realize you picked the wrong guide for this game step three go into debt to build beefy computer for ruststep four write autistic review,Rust
2016-09-27,0,0,239,False,Recommended,Addicted,Dead by Daylight
2018-01-14,0,0,297,False,Recommended,PlayerUnknown s Battlegrounds is one of the most compelling video game experiences to come out in years. That its stood out in a year filled with some of the best games ever is a testament to how brilliant it really is. It s the sort of game I talk about in excited quick bursts with friends the kind I think about when I m not playing it. It is also the most immersive intense adrenaline pumping winner take all shooter of its time. Ushering forth a new era of Battle Royale gameplay its technical qualms are the only thing standing in the way of the path to near perfection in its gunplay and survival first gameplay.,PLAYERUNKNOWN'S BATTLEGROUNDS
2018-06-26,0,0,0,False,Not Recommended,played 2sec of this game. What crock of sh T. half time game don't start just sit in lobby. You need people on or friends in ya list on steam to play the game with you when that happens you lose connetion. what alot of bs,Dead by Daylight
2018-07-07,0,0,84,False,Recommended,erection,PLAYERUNKNOWN'S BATTLEGROUNDS
2017-01-26,1,1,72,False,Recommended,nice game good graphics can have some fun with friends ),Dead by Daylight
2019-01-02,0,0,71,False,Not Recommended,For some reason my friends load into the game in 5 mines while i have to wait atleast for 30mins (processors are equal),Grand Theft Auto V
2018-08-17,0,0,3,False,Recommended,I only have around 3 hours played time in MH World but It's a blast to play. As an older gamer I'm waiting for the pc mouse fix that's coming. There is no way I can use a controller twin sticks are my nemesis. Anyway The game runs great on my 2 year old system and I look forward to Capcom to fix issues such as the multiplayer aspect and the mouse issues.,MONSTER HUNTER: WORLD
2017-01-28,0,0,60,True,Recommended,I love this game because of the idea but its extremely glitchy i know its in alpha but you gotta fix the multiplayer issues man i bought this a couple of months ago and i loved it and i still love it. thanks for making the game keep the good work up.,ASTRONEER
2015-04-15,0,0,173,False,Recommended,Love the game.The game runs at max quite comfortably on a GTX 770 averaging about 45FPS 1920x1080. Since playing I have noticed very few glitches but one is if you have teamviewer running in the background you will not be able to play it in full screen (This is true for at least windows 8.1). Overall really enjoyable and looks great. 9.5/10,Grand Theft Auto V
2017-06-27,0,0,383,True,Recommended,run loot die,PLAYERUNKNOWN'S BATTLEGROUNDS
2017-12-14,0,0,660,True,Recommended,There are a lot of people crying about this game. It is in early accesss for a reason so you knew what you were getting yourself into.. Overall I have played many shooters in my life but this game even with the bugs here and there (which is mostly crashing) is the best one yet. There is alot of skill needed to get those chicken dinners.,PLAYERUNKNOWN'S BATTLEGROUNDS
2017-11-26,0,0,241,True,Not Recommended,BRING BACK THE OLD RUST,Rust
2017-11-24,0,0,128,False,Recommended,Fukn gud game but you need fukn nasa super computer to run but the attention to detail is insane,Grand Theft Auto V
2015-12-06,0,0,47,True,Recommended,"I like the concept of the game. However I don't like getting killed every 5 10 min by other players even if I yell out ""Friendly"". I can't get anything done with that K/D ratio.",Rust
2018-11-22,0,0,51,False,Recommended,Endless amounts of fun and is always refreshing to play.,MONSTER HUNTER: WORLD
2015-12-20,0,0,9,False,Not Recommended,Worst game ever...Game setup 70% loading5% intensive game15% Time out (kick)10% car repair/ammo buy...,Grand Theft Auto V
2017-06-29,0,0,24,True,Recommended,I have never written a review in my 15 year gaming career.But I have to give credit to the creators of this game. Its been a long while since a game gets my pulse up. I am having a blast playing this and cant wait for further updates. Yes there are some bugs but with extremely fun gameplay they are totally worth it. Buy if you like elevated blodpressure and puls clammy hands and a grin on your face!,PLAYERUNKNOWN'S BATTLEGROUNDS
2018-03-07,0,0,610,False,Not Recommended,cant play the game half the time cuz the servers are too busy what bs i want my money back,PLAYERUNKNOWN'S BATTLEGROUNDS
2018-02-15,0,0,61,False,Not Recommended,its fun but it keeps crashing all the ing time even though my pc specs can handle it ing gameë,PLAYERUNKNOWN'S BATTLEGROUNDS
2016-10-02,0,0,44,False,Recommended,"Rocket League is fun. You get the urge to play again and again even if you don't win as you might miraculously get ""better"" in the next round. The rocket labs are so experimental that it crashes the game. Physics are a bit broken. 8/10",Rocket League®
2018-09-23,0,0,310,False,Recommended,I recommend the game to ya'll fps shooting players out there. The only problem is either not enough people playing from Oceania or just servers are broken rn. The new update is promising a better gameplay experience taking note that it's going to force each region players to play in their own region. I hope PUBG will fix the issue soon because god dammit this game is even more fun than the CS games i've been playing like a boss for the last 10 12 years D For those of you complaining about the game pls get your together the game is only 1 year old and the only way to get it to improve is for us to keep playing if you stop playing then it's dead.,PLAYERUNKNOWN'S BATTLEGROUNDS
2018-11-10,0,0,122,False,Not Recommended,0/10.Cheaters everywhere.Devs don't care see how fix PUBG turned out and how every update breaks the game more and more.Gameplay is clunky and counterintuitive.Gunplay is laughably bade. See aimpunch for example.Play tactical and slow for 30 minutes get 1 tapped by a corner camper with a shotgun. 30 mins of your life you're never getting back and you never even enjoyed.122 hours in the game 1 solo win and 3 duo wins that's it. Made it to #2 maybe 30% of all my matches. I guess I suck but it's just not fun.Lag and desync galore.Don't buy it. Every negative review is correct. I'm not jumping onto the hate bandwagon. I gave this game a chance and it did nothing but make me despise Bluehole and Playerunknown. This game is becoming more and more irrelevant as other titles like COD are taking their idea and making it better. PUBG will never progress. It's entire lifespan is proof. COD got it right in the first try. PUBG still ing sucks after more than a year of being a wildly popular game. Goodbye PUBG. I'm finally uninstalling you.,PLAYERUNKNOWN'S BATTLEGROUNDS
2018-01-20,0,0,391,False,Not Recommended,This is still a good game but not really enjoyable as there are too many hackers ruining the fun of it.,PLAYERUNKNOWN'S BATTLEGROUNDS
2017-08-07,0,0,195,True,Recommended,H1Z1 but better,PLAYERUNKNOWN'S BATTLEGROUNDS
2018-07-16,0,0,361,False,Not Recommended,This game has just gotten worse I feel overtime so i would recommend playing games such as Realm Royale Cuisine Royale Fortnite or Island of Nyne. Oh also i forgot to add The Culling 2 XD,PLAYERUNKNOWN'S BATTLEGROUNDS
2016-12-18,0,0,325,False,Recommended,waste of my life every killers hands feel like a bowl of water sweaty nerdsEDIT wow great game nevermind one of my favorites!!!!!!!,Dead by Daylight
2017-12-13,0,0,454,True,Not Recommended,It's a good game despite the early stage.The thing is that IS FULL OF CHEATERS and the resources allocated to cut down this bad habit are not enough. It would be easy for the developer team to buy all the cheating software avaiable and reverse it to obliterate them all. But in the end PUBG player's population is growing everyday. So basically the money income is big enough for them to forget those player who are leaving the game because of cheating.They should take example by Blizzard that in the past prosecuted legally cheat developers.,PLAYERUNKNOWN'S BATTLEGROUNDS
2018-06-21,0,0,74,False,Not Recommended,I don't like it.,PLAYERUNKNOWN'S BATTLEGROUNDS
2017-06-16,0,0,102,False,Not Recommended,modding was the only thing keeping this game alive now they killed that out of greed.,Grand Theft Auto V
2017-05-09,0,0,618,True,Recommended,This game is fun! If the friendly fire doesn't have is more fun. During pub squad game meet quite player kill teammate to loot is that legit...,PLAYERUNKNOWN'S BATTLEGROUNDS
2017-11-22,0,0,69,True,Recommended,CHINA NUMBA JUAN,PLAYERUNKNOWN'S BATTLEGROUNDS
2016-07-04,0,0,0,False,Recommended,Wait for updates.This game looks and sounds great if you can actually get a match going.Wait for a singleplayer or better matchmaking experiance. This game has a lot of great features and already a varitity and unique.However no singleplayer and very little killer playing experiances this game is mainly a survior game with little to no changes unless luck comes into play.I recommend this game but either wait for more players or updates to add at least a chance of play.,Dead by Daylight
2018-12-29,0,0,1265,False,Recommended,Very addicting and fun,Rust
2015-01-31,0,0,60,True,Recommended,Need to fix shadows but other than that good,Rust
2018-08-27,0,0,588,False,Not Recommended,Product received for free. this game has just gotten worse as time has gone on the desync in this game totally ruin the game and untill the region lock or ping lock this game dont waste your money,PLAYERUNKNOWN'S BATTLEGROUNDS
2017-11-19,0,0,54,False,Not Recommended,Full of hackers and the servers are just do not buy,Grand Theft Auto V
2017-06-11,0,0,289,True,Recommended,"""Addictive"" that's how i would describe the game at present. The joy of camping has never felt this good before.Great Game!",PLAYERUNKNOWN'S BATTLEGROUNDS
2017-06-27,0,0,223,True,Recommended,.,PLAYERUNKNOWN'S BATTLEGROUNDS
2017-12-09,1,1,627,True,Recommended,Dis game be lit yo. It be havin so mini glitches doe,PLAYERUNKNOWN'S BATTLEGROUNDS
2014-06-05,0,0,222,True,Recommended,Still got a long way to go but truly is going to be amazing!,Rust
2016-11-26,0,0,752,False,Recommended,Just a great game all round,Rocket League®
2018-04-02,0,0,3,False,Recommended,The best game,Rocket League®
2018-12-24,9,6,1,False,Not Recommended,Combat is clunky,MONSTER HUNTER: WORLD
2014-02-04,0,0,114,True,Recommended,Good GameBuy It!,Rust
2018-12-20,0,0,127,False,Not Recommended,no controller support,Rocket League®
2018-11-22,0,0,50,False,Not Recommended,This game is a joke.,PLAYERUNKNOWN'S BATTLEGROUNDS
2016-06-11,0,0,1136,False,Recommended,An amazing game! Superfun and a lot of diffrent things to do! Either freemode and drive around the city fly helicopter/plane or do missions/heists to earn money. Buy cars modd them and race!The gamephysics are amazing and the car handling is superb. A lot of diffrent cars (supercars sportcars minis normalcars lowriders trucks and special veicles like firetruck forklift dumper etc etc).Buy a highend appartment and start heists buy a yatch with your own helipad boats and jetskis!This game is so much game for your money and u can spend so many hours just yoloing around!Buy Buy!!,Grand Theft Auto V
2017-06-15,0,0,1007,False,Recommended,Product received for free. my best game,Rocket League®
2015-11-03,3,3,640,False,Recommended,Nice game good story NB BISA TAVVORANZZ (Y),Grand Theft Auto V
2015-07-12,0,0,1050,False,Recommended,10/10Controller recommended,Rocket League®
2017-10-01,0,0,1169,True,Not Recommended,Product received for free. 服务器卡,PLAYERUNKNOWN'S BATTLEGROUNDS
2015-07-18,0,0,506,False,Recommended,Own goal simulator 2015. 10/10,Rocket League®
2018-11-22,0,0,52,False,Recommended,10/10 MATE,Grand Theft Auto V
2018-12-19,0,0,0,False,Not Recommended,eh,PLAYERUNKNOWN'S BATTLEGROUNDS
2018-01-04,0,0,93,False,Not Recommended,i can t play it anymore i have got this game on 15 07 2017 and one week later I could not play it anymore.THINK ABOUT IT before you buy it!!!!!!!,Grand Theft Auto V
2018-08-21,0,0,215,False,Recommended,This game is one of the most addicting and fun games i have ever played. You can either test your stealth and hand eye coordination while playing as a survivor and doing gens or play as the killer and use mind games and some stealth to capture all four survivors. The only bad thing id have to say about this game is that it needs to be a little easier for survivors to get off of the killers shoulder. The community is very critical in how you play the game and if you dont play as they think it should be played you will be cussed out or people give you bad rep on your steam prof. But the game itself is one of the best games ever.,Dead by Daylight
2014-10-31,0,0,847,True,Not Recommended,An unbelievably addicting game. Right on release me and my friends spent days without sleeping in fear for our digital lives and loot. No matter how much time spent on the game the only thing that got old was the very beginning of your life and even that could get interesting. You can have 0 loot and people will chase you across the entire map for 40 minutes just to kill you it's absolutely hilarious. Some of the client is helpful/friendly and about 95% wants you dead thats what I love about it. For the longest time I was a bandit i was the guy who got accused by every little whiny little kid for hacking because i had a good shot nothing is more rewarding feeling than messing up some angry people on rust. The only problems i had when it's legacy was the main game (basically where all my time was spent on this game) was the lag hacking and ddos attacks. I honestly believe that the first version of the game was better than the new version. My reasoning isn't because of graphics or anything like that just the uniqueness of the game. It was simple to build easy to gather resources and through almost all of my time playing the game i spent laughing at situations only the legacy version brought. The new version of the game is extremely great looking has realistic and immersive armor but in my opinion had they just worked to improve lag and bugs and fix the hacking problem on the original game i would be more likely to play the game like i used to. The original version can never get beat on their mission to change the game completely they lost a lot of their clientell. Spent the greater part of 6 months waiting for them to do a big update and they basically scrapped the game and started all over. Still i can't not recommend this game for how much fun i had and how gary neumann actually keeps his community updated and interacts with them.All in all the game has gone backwards the new version may have upgraded features but it is downgraded from the original game. The first alpha version 11/10 New version 6/10. They should have just upgraded the first version.EDIT The game has practically died now. The old version was much better dont waste $20 on a game nobody plays anymore. The legacy version was the revolutionary chance for this game to take over but Gary gave up and hackers took over along with russian fake servers. The new version just isn't fun if that's what you're looking for. you build like in minecraft but the PvP is broken and buggy. Nice way to kill the game Gary should have added these changes to the legacy.,Rust
2016-11-24,0,0,34,False,Not Recommended,no mod no fun,Grand Theft Auto V
2017-05-05,0,0,311,True,Recommended,Very fun game. For a battle royale experience. Does have a few minor bugs but still overall worth the $30.,PLAYERUNKNOWN'S BATTLEGROUNDS
2018-07-08,0,0,845,False,Recommended,H1Z1 PUBG Fortnite ... These are the major battle royale game and no dount pubg is the best in them... Its more realistic and its shooting is real and ya u r not dressed up like a beer ... Hahaha pubg is the best battle royale game and shroud is the best pubg player ... My thoughts only ... If u dont agree .... Then fk off,PLAYERUNKNOWN'S BATTLEGROUNDS
2019-02-10,0,0,345,False,Recommended,Sucks.,Rust
2019-02-07,0,0,226,False,Recommended,Thoroughly enjoy this game steep learning curve though if using vanilla servers make sure you check when they're due to wipe (weekly fortnightly or monthly) as well as when learned items (blueprints) as to avoid finding your feet just to have joined one set to reset.,Rust
2015-11-02,0,0,270,False,Recommended,10/10You spend most of your online experience in loading screens. Other than that this game is amazingly fun and time consuming!,Grand Theft Auto V
2018-04-29,0,0,389,False,Recommended,Fun game to get on and get some rounds in with your friends though the developers should consider Server Locking China and other known Countries that are known for hacks...,PLAYERUNKNOWN'S BATTLEGROUNDS
2018-05-04,0,0,811,False,Not Recommended,garbage rubbish 日常道歉 加服务器崩溃 明人不说暗话 我想CNM,PLAYERUNKNOWN'S BATTLEGROUNDS
2018-03-01,0,0,26,False,Not Recommended,Good idea but poorly executed. Servers are highly unstable the presence of a large quantity of hackers ruins the game that provided with an unreal learning curve dynamics that make no sense and extremly lagging hitboxes make this in its current state highly un playable and un fun.Matchmaking just grabs the first 90 people so theres no skill based matching which makes games pointless,PLAYERUNKNOWN'S BATTLEGROUNDS
2019-02-02,0,0,268,False,Not Recommended,If you're buying this game buy for the story only. Online is a hot flaming piece of turd.,Grand Theft Auto V
2016-04-08,0,0,357,False,Recommended,Ok so before getting this I was like.. cars and football whatever. But this is literally one of the most fun games ever! (Remember that? Fun?) Some of the best games always seem to be the ones with an incredibly simple premise but end up having some of the most in depth gameplay here you drive a car around and try and hit a ball in a goal. But whenever I think I'm going well I play with some people who have developed some new weird and wonderful techniques. Games also just works without issue no lag great matching of skill large community. Only improvement needed is party forming across platforms.,Rocket League®
2017-09-03,2,3,388,True,Not Recommended,Used to be a great game but then i got banned for honking my horn unknowing that there was a streamer on map so i get banned for a map thanks man then doesnt respond to my emails on why i was banned,PLAYERUNKNOWN'S BATTLEGROUNDS
2018-12-20,0,0,397,False,Recommended,best should buy!,PLAYERUNKNOWN'S BATTLEGROUNDS
2018-10-19,0,0,430,False,Recommended,Product received for free. Singleplayer is really well made and it's even better with mods. Online it's not bad it could be better but it's a lot of fun with friends anyway.,Grand Theft Auto V
2016-11-28,0,0,8,True,Recommended,good bon jeu très cool bon graphisme tranquille pour jouer avec ses potes,Rust
2016-01-07,0,0,1,False,Recommended,fun!,Rocket League®
2017-06-15,0,0,307,False,Not Recommended,Seriously? Removing mod support was a huge mistake and you shouldn't support anything rockstars parent company taketwo does Edit They still treat their consumers worse than EA milking the GTA V cash cow,Grand Theft Auto V
2018-07-23,0,0,98,False,Recommended,THIS GAME IS AMAZING!!,PLAYERUNKNOWN'S BATTLEGROUNDS
2018-03-27,0,0,88,False,Recommended,Nice one but i found some cheaters. #FIX IT,PLAYERUNKNOWN'S BATTLEGROUNDS
2017-08-13,0,0,305,True,Recommended,8.5 / 10 (Very Good),PLAYERUNKNOWN'S BATTLEGROUNDS
2018-03-23,0,0,334,False,Not Recommended,FIX THE SERVER PLEASE DUDE,PLAYERUNKNOWN'S BATTLEGROUNDS
2017-10-31,0,0,177,True,Recommended,"I like it when small streamers who get like 5 views get extremely mad at you for killing them becasue you were ""stream sniping""",PLAYERUNKNOWN'S BATTLEGROUNDS
2018-11-21,0,0,96,False,Recommended,"Especially with friends the game is really awesome. The graphics are suitable in the characters ""realistic"" and the atmosphere great. Grinding is not necessary to have fun with the game so it can only be played from time to time. Clear recommendation from my side. Only the group formation has not yet succeeded. Maybe the DLC Characters especially the killers are near to ""pay2win"". Nevertheless good game!",Dead by Daylight
2017-06-18,0,0,298,False,Not Recommended,i hate T2 and i love mods but... T2 FK IT UP,Grand Theft Auto V
2016-03-10,0,0,205,False,Not Recommended,Game lags constantly is nearly unplayable with keyboard and mouse and has one of the worst cameras I have ever seen in a video game. Unless you have an xbox 360 controller you're completely screwed but it won't fix the camera. After 7+ hours of this game every match is me watching other people hit the ball and unable to do anything. If you think you can pick this up and play casually you are wrong. Don't bother purchasing unless you are ready to devote some serious hours to this game in order to even begin touching the ball. Not for casual gamers at all.,Rocket League®
2018-11-22,0,0,250,False,Recommended,Better after each update,MONSTER HUNTER: WORLD
2015-07-29,0,0,123,False,Recommended,This game is great for people who are looking for something new and who generally enjoy the aspect of soccer. I would rate this game a 10/10. Blazexgames,Rocket League®
2018-08-19,0,0,45,False,Not Recommended,Update 9/21/18 Most of the online issues have been resolved but I am keeping my review a thumbs down. This is more a review for Capcom than Monster Hunter the game by itself now is pretty good but I am tired of this game company releaseing products that are not 100% ready for the market. If you look at Capcom's library they have released since 2016 about half of the games have mixed reception including this one. You look at a game like SFV fun overall but it was released with barely any content and the online doesn't work very well (have trouble playing someone from NYC when I live in California) or Marvel Infinite that lacked polish in many areas and both Megaman X Collections that had technical issues.Although Monster Hunter World is improving in quality just like SFV has it should have been at this quality from the get go. If you do not mind supporting games like these with the decissions made behind them by all means purchase Monster Hunter. By I am too frustrated with Capcom to give them anymore support. I hope the RE2 remake will not disappoint...Original Review I can't recommend this game at the moment.And that really sucks to say cause it is the most fun Monster Hunter I have ever played and I have played all of them. I'm serious even the Chinese MMO that didn't come out in the US. The combat and gameplay overall is fantastic but the multiplayer connectivity and bugs are just killing the experience for me.I have applied the various fixes that were mentioned like changing the on launch options to include the old code before steam updated and changing the game to borderless to help with online and general crashes.Well I just got done with a play session and I crashed right as a mission ended and it didn't save. Pretty sure it has something to due with video card drivers not being updated but I was following advice to NOT update my video card to fix another issue.It looks like only luck has anything to do with this game running properly online with friends or even random people (it took a week for me to be able to join a session from a random person and I have no idea why it just started working like that)There are simply too many hoops to jump through to play this game right now and I cannot recommend it to anyone until Capcom/Valve make a fix together because apparently much of this comes from the overlay update they made right before the game came out. Please wait people. The patch will come.,MONSTER HUNTER: WORLD
2016-03-30,0,0,225,True,Recommended,Who said cancer don't have the cure,Rust
2014-03-25,0,0,221,True,Recommended,get the game!,Rust
2017-11-25,0,0,167,True,Recommended,i'm loving it,PLAYERUNKNOWN'S BATTLEGROUNDS
2018-11-21,0,0,161,False,Recommended,This game is amazing Play with friends and get better while you run into despair.,PLAYERUNKNOWN'S BATTLEGROUNDS
2017-06-16,0,0,56,False,Not Recommended,tsrow eht era sdrac krahS,Grand Theft Auto V
2017-07-08,0,0,415,True,Recommended,Best blur simulator after 1 week i ve rushed for glasses!,PLAYERUNKNOWN'S BATTLEGROUNDS
2018-06-07,0,0,1004,False,Not Recommended,many bugs many hackers not funny,PLAYERUNKNOWN'S BATTLEGROUNDS
2017-04-04,0,0,180,True,Recommended,I really like this game. It is a bit laggy and there are issues with the servers. However I can live with that as long as the game is in early access. I just hope the full version is released soon and these issues are resloved or it will get a bad review from me then.,PLAYERUNKNOWN'S BATTLEGROUNDS
2018-09-07,5,1,236,False,Recommended,Buy this game if you like lootboxes. Flying angry biting roaring lootboxes.,MONSTER HUNTER: WORLD
2018-01-27,0,0,198,False,Recommended,An absoulute bag of laughs with the kids and even the whole family but you need a friend to play with.,PLAYERUNKNOWN'S BATTLEGROUNDS
2018-04-17,0,0,22,False,Recommended,Audience Kids Everyone Casual players Pro players Graphics Potato Really bad Bad OK Good Beautiful Masterpiece Price/quality Full price Wait for sale Average Refund it if you can Don't do it Requirments 90' PC Minimum Medium Fast High end NASA computer Difficulty You just need 2 arms Ez Easy to learn / Hard to master Hard (first few hours) Dark Souls Game time/length Really short ( 0 2 hours) Short ( 2 8 hours) Few hours ( 8 12 hours) Long ( 12+ hours) Endless Bugs Game itself is one big BUG Bugs destroying the game Lot of bugs Few Bugs You can use them for speedrun Nothing Notes I've personally played this game on multiple systems over multiple saves (NG NG+ etc). It is a fun game with a lot of collectables and fun events. If I were to say anything bad about the game is that there are not a lot of ways to get cool cars unless you purchase them or buy crate keys to open them other than that the game is great!,Rocket League®
2019-01-05,0,0,1,False,Not Recommended,Idk I tried it despite the reviews cuz it looked dope but it was boring within the first 1 hour and a 1/2 these games have a specific audiance and thats it if you don't have patience dont waste 80 bucks,MONSTER HUNTER: WORLD
2018-03-19,0,0,354,False,Not Recommended,"Having enjoyed my first 300 hours for the most part. The game became jam packed with Chinese hackers late last year. Also bugs that were there from the beginning in Alpha are still there in a supposedly ""released"" game.Bluehole do not care about the regular playerbase only the money they make from clothes that these Chinese hackers are farming and selling. Did you know bluehole and steam get 5% of every purchase done on the steam market place? Thats what the hackers are hacking for to make money off clothes. I have uninstalled for months and I am extremely happy I did. Got my moneys worth but would not reccomend.Tl DR DO NOT BUY. THIS COMPANY IS",PLAYERUNKNOWN'S BATTLEGROUNDS
2018-11-26,0,0,862,False,Recommended,Great game!Can be really fun and competitive at the same time!!,Rocket League®
2017-12-20,0,0,110,True,Recommended,It One Gam,PLAYERUNKNOWN'S BATTLEGROUNDS
2018-11-22,0,0,130,False,Recommended,Some of the most fun I've had with friends in a long time. Even the solo gameplay is loads of fun but where it really shines is its multiplayer. Each weapon offers a unique style of play and most of the monsters are really enjoyable to fight. Your real progression comes from mastering the combat system which is tough but it's fair and rewarding.,MONSTER HUNTER: WORLD
2017-11-06,0,0,233,True,Recommended,Absolutely LOVE this game! Battle Royal is amazing 100 people vs each other dropped with random gear give this game a feel of terror excitment and enjoyment. Most of the time you are spent running from building to building but if you encounter someone from a differan squad THEY become all your focus. Alot of people complain about the circle RNG cheaters etc. While I havent encountered many cheaters in my playtime (maybe 3) If these players would understand how to play the game in a way where they didnt die to the circle poeple in bushes etc. they might actually enjoy the game. The game isnt done developing which means it can only improve. I HIGHLY recommend this game to anyone who loves a good thrill of the game as well as a feeling of accomplishments. 9/10 game will definetly continue to play,PLAYERUNKNOWN'S BATTLEGROUNDS
2019-02-03,0,0,206,False,Recommended,Product received for free. Nice,PLAYERUNKNOWN'S BATTLEGROUNDS
2018-03-31,1,2,1142,False,Recommended,Fortnite is gay,PLAYERUNKNOWN'S BATTLEGROUNDS
2017-08-11,0,0,480,True,Not Recommended,MAYBE design a better UI before introducing paid skins.,PLAYERUNKNOWN'S BATTLEGROUNDS
2018-06-21,0,0,973,False,Not Recommended,Greed won out in favor of gameplay in this case.,PLAYERUNKNOWN'S BATTLEGROUNDS
2017-08-03,0,0,265,False,Not Recommended,no mods (,Grand Theft Auto V
2017-04-29,0,0,548,True,Recommended,Cancer community Cucks and more! Rust is the best game to score!,Rust
2017-03-23,0,0,63,True,Recommended,Hello Update Im trash as at this game!1st BR game ever...so far so good. Decent frames (40 50) with my 1050ti (too broke for anything better). Frames dropped near 20 close to towns. I had settings on high but foilage on med. will probably lower for mo goodness,PLAYERUNKNOWN'S BATTLEGROUNDS
2017-12-13,0,0,400,True,Recommended,It's the steam that this game brought me into and I like it.,PLAYERUNKNOWN'S BATTLEGROUNDS
2015-08-31,0,0,294,False,Recommended,best simulation of michigan.you have your cold af areas in one place your hot is sh*t in another and everyone is naked killing each other.10/10 would be from michigan,Rust
2016-04-05,0,0,14,False,Not Recommended,Good If you play it.Bad if you don't.I don't play it. _(ツ)_/,Rocket League®
2017-06-20,0,0,759,False,Not Recommended,Pay to win grind.,Grand Theft Auto V
2017-06-25,0,0,98,False,Recommended,Great Game If you don't care about mods,Grand Theft Auto V
2018-12-29,0,0,289,False,Recommended,Top 5 games of all time,Rust
2018-11-03,0,0,251,False,Recommended,"Casually or Competitively this game has you covered. Sick of the ball bouncing around everywhere? There's a hockey mode for that niche. Think there's not enough Mario Kart style powerups in the game? Well you're not looking close enough because there's a mode for that too. Are you annoyed that there's not enough aerial trickshotting and you want the goalposts to be the floor? Sure there's a mode for that. Wanna Slam It Like Space Jam? It's even got that man. It has that sweetspot gameplay of ""easy to learn hard to master"" written all over it. I could think of a lot of bad things to do with $20 and Rocket League wouldn't be something on that list.",Rocket League®
2018-11-01,3,1,41,False,Recommended,i love this game but in online mode so manny modders there (,Grand Theft Auto V
2017-11-22,0,0,65,False,Recommended,One of the best games ever made but online can be an absolute show.,Grand Theft Auto V
2019-01-04,0,0,49,False,Recommended,It's a lil bit lag tho. After all is a good game.,PLAYERUNKNOWN'S BATTLEGROUNDS
2017-10-27,0,0,184,True,Recommended,Product received for free. It's good. There are a few minor bugs but nothing worth mentioning.,PLAYERUNKNOWN'S BATTLEGROUNDS
2017-08-30,0,0,44,True,Recommended,It's fun!,PLAYERUNKNOWN'S BATTLEGROUNDS
2017-11-12,0,0,811,True,Recommended,nice game.,PLAYERUNKNOWN'S BATTLEGROUNDS
2017-12-04,0,0,262,True,Recommended,Red zone is safe Best Detroit simulator out there.Ruskis have 0 aim.Chicken Dinner is on the house.,PLAYERUNKNOWN'S BATTLEGROUNDS
2016-08-30,0,0,155,False,Not Recommended,Worst game i've ever played in my life. it's so broken every ing possible way. If you think it looks youtube or anyother ing place it's not. Don't ing buy it you will regret it so much when you get killed through walls and by s in the woods because let me tell you there is all to do in this game. all you do if you get lucky is fix a few generators on 2 maps and then run. if you are un lucky you will face a with wall hack that knows where everyone is it's so ing broken just steam remove this broken pile of filth. I've had more fun playing with sticks in africa than playing this If you buy this game you deserv everything you ing get! Save your ing keyboard by not buying this,Dead by Daylight
2017-08-08,0,0,49,True,Not Recommended,Never again EARLY ACCESS T lmao server is trash First game ever exprienced twice lag cause the game to froze force me to quit the match lmao. Can't even run the game properly with 980 sli on lowest setting LOL,PLAYERUNKNOWN'S BATTLEGROUNDS
2015-08-22,1,1,24,False,Recommended,You can ride on walls and look at balls gr8 b8 m8 8/8,Rocket League®
2013-12-01,0,0,197,False,Recommended,this game is so much fun i spend to much time on it and it is very good in eyefinity,Euro Truck Simulator 2
2017-06-14,0,0,12,False,Not Recommended,Cant mod cant play FeelsBadMan,Grand Theft Auto V
2016-12-05,0,0,251,False,Recommended,Even though this game is so simple it is extremely fun to play! Have fun!,Rocket League®
2017-12-28,0,0,36,False,Not Recommended,if gta was a job,Grand Theft Auto V
2016-06-19,0,0,34,False,Recommended,Admittedly I haven't played the game a huge amount quite yet but from my experience so far hackers haven't been a major issue despite the huge amount of reviews stating that the game isn't even worth playing because of the hackers. I will say though that organizing online missions and heists can take a ridiculous amount of time. I recommend playing primarily with people you know if only to avoid spending 30 minutes trying to find enough people for a heist setup.,Grand Theft Auto V
2016-06-18,0,0,11,False,Not Recommended,This is not a finished game.,Dead by Daylight
2017-09-16,0,0,183,True,Not Recommended,BAD GAME WTF,PLAYERUNKNOWN'S BATTLEGROUNDS
2018-06-30,0,0,21,False,Recommended,this game is insane,Grand Theft Auto V
2017-06-15,0,0,338,False,Not Recommended,i liek mods you r*,Grand Theft Auto V
2015-07-20,0,0,583,True,Recommended,This review was a joke review I'll try to do my best to make it an actual review.First off Rust is a survival game you have to invest time into my review will be broken into 3 sections Survival Crafting/Building and the PvP.Survival The survival aspect of Rust is what makes it challenging the Hunger and Thirst can get you when you least expect it to.The godly animals that can warp from the ground to a rock they are standing next to are hard to hunt but yield good rewards.Each tool you use in order to gather resources is different PickAxes are used to break down Nodes you find around Rock clusters to gain Stone Metal Sulfur and High Quality metal ores.Hatchets are used to gather Wood.The best way to gather leather and animal fat in this game is with bone knives.If you use a wrong tool(for example hatchet on a node) your aim will shift up by a considerable amount.Crafting/Building The Crafting and Building part of this game is what requires you to invest time into the game.Crafting takes time unlike other games and the materials required for certain weapons and armour are hard to find.The buildings you make are always vulnerable They can either be taken down with C4 or Rockets.There are a variety of building parts to choose from that may or may not make your building more resistant to explosives or gunfire.The best part about building in Rust is the Stability system.Stability ranges from 0% to 100% 100% being the most stable.PvP The PvP aspect of this game makes it all the more thrilling.There are a variety of weapons to choose from from Clubs made from broken Femurs to modern day Light Machine Guns.I won't go into depth with all of these weapons.You know how Counter Strike has Recoil patterns? Rust has them too but the Horizontal recoil(The one that goes left and right) is completely RnG. There is a bit of luck to controlling yourRecoil in this game.The hunting bow is probably the hardest ranged weapon to master in this game it shoots slow moving projectiles but is highly rewarding when you hear that headshot hitsound. Best of all it is a default weapon you don't need to learn it to craft it.The Crossbow is a non default weapon which means you have to find it from blueprint pages or barrels scattered accross roads and monuments. It is way better than the hunting bow since it fires the arrows faster and has more base damage.Over all this game gets a 7/10 for me there are some optimization issues but anyone with a computer made within 5 years can run this game at atleast 30 fps.,Rust
2017-12-20,0,0,25,True,Recommended,It's finally out!!!!! Whoooooo,PLAYERUNKNOWN'S BATTLEGROUNDS
2017-11-27,0,0,0,True,Recommended,GG,PLAYERUNKNOWN'S BATTLEGROUNDS
2018-06-03,0,0,35,False,Recommended,Great game even if you're not the best at it. It's fun to team up with friends or go solo and find new ones. The learning curve isn't too harsh so even if get started now years after the initial release it's worth picking up.,Rocket League®
2017-10-13,0,0,1850,True,Recommended,I am 1300 hours in at this point I have run my own server and know this game inside and out. It is without doubt worth your time and money. 1300 hours! the next most played game I have is just under 200 hrs. While in many cased the people playing this game are s the game itself is one of the best!. Thank you for keeping me well entertained so far.,Rust
2017-06-29,0,0,822,False,Recommended,Definitely one of my top 5 games of all time.,Rocket League®
2016-11-23,0,0,99,False,Recommended,GTA É GTA NÉ PAEEEE,Grand Theft Auto V
2017-08-06,0,0,56,True,Recommended,This game is buggy and broken and has a really sketchy buisness backround. But who am I kidding your going to buy it anyways why are you reading this?,PLAYERUNKNOWN'S BATTLEGROUNDS
2016-12-18,0,0,1,False,Recommended,It's very good game!,Rocket League®
2018-05-11,0,0,1134,False,Not Recommended,whats the point of playing a game where you cant protect whats yours ? people with no job school will find a moment when you go offline and use their 200hrs past 2 weeks power to raid you.,Rust
2018-02-09,0,0,336,False,Recommended,One of the best multiplayer survival games ive ever played.,Rust
2017-12-09,0,0,80,False,Recommended,Product received for free. Great attention to detail story was alright fun but the ending was a bit anti climactic. Still recommended for online only problem is the loading time. 8/10,Grand Theft Auto V
2018-01-13,0,0,213,False,Recommended,Good af &lt 3,PLAYERUNKNOWN'S BATTLEGROUNDS
2017-09-24,0,0,795,False,Recommended,Product received for free. Played it since early access. 1. Rarely see any hackers now compared to before.2. Less map bug/glitch where you get stuck between the walls or holes.Disatisfaction Can get ban if a lot of people report you. (24hrs ban)Korean sucking your money....Better than PUBG Mobile.,PLAYERUNKNOWN'S BATTLEGROUNDS
2017-11-22,0,0,234,True,Recommended,Free money,PLAYERUNKNOWN'S BATTLEGROUNDS
2017-10-15,0,0,1405,True,Not Recommended,This game is so very suck. Don't buy this game if you don't want to waste your time. The Dev promise about the graphic optimize thousand time. But they can't change everything. I had GPU 1060 and chipset i7 6700 but i can't even reach 60fps for the whole game( low setting). And sometime my fps drop to 30 in the battle. The sever is not stable also ( SEA and ASIA ). When i was played around 100 hours. I thought that my connection was not good enough and they setup the sever far from my location. However when i played other sever i knew that my feeling was wrong. IT'S ALL ABOUT ING SEVER. And i should tell you guys that they won't change and build a new sever because it's very expensive. When you realise that everything they tell you is ing You will understand my emotion. And the time that i believe in this game is over,PLAYERUNKNOWN'S BATTLEGROUNDS
2017-10-26,0,0,450,True,Recommended,I'm having a problem that I cannot get into the lobby my internet is fine and my pc is fine so what do I do,PLAYERUNKNOWN'S BATTLEGROUNDS
2017-08-28,0,0,585,False,Recommended,Miramar &gt Erangel,PLAYERUNKNOWN'S BATTLEGROUNDS
2015-04-14,0,0,207,False,Recommended,Dees nutshaaa got eeeeeeeeimmmmmmmmm,Grand Theft Auto V
2017-12-24,0,0,10,False,Recommended,just like soccer but use car,Rocket League®
2017-08-15,0,0,192,False,Recommended,1. PTW because I'm not a scrub that begs for cheaty money2. Get all the OP stuff3. Annahilate low ranks because they say Tupac slept with my mum4. Get kicked from sessions and/or DDosed/attacked by godmode modders5. Repeat11/10 would feed R* hundreds of dollars for shark cards againAlso I can't afford food now,Grand Theft Auto V
2017-01-13,0,0,0,False,Recommended,gds,Grand Theft Auto V
2018-02-06,0,0,143,False,Recommended,very addictive fun game,PLAYERUNKNOWN'S BATTLEGROUNDS
2016-08-21,0,0,1333,False,Recommended,It's a great game it is exciting and a lovely thing is you grow in the game. This is one of the few games based on skill not on you're items lvls ... I love how psyonix keeps updating the game for free. Roughly i would highly recommend buying this game!I warn you it's addictive...,Rocket League®
2018-06-22,1,1,0,False,Not Recommended,Bought this game while fortnite runs at 120FPS on my machine this game for some reason was like sub 20 fps i have i5 5th gen and 980ti gpu that should be enough.I recommend this game as they have swift refund.,PLAYERUNKNOWN'S BATTLEGROUNDS
2017-05-11,1,1,294,False,Recommended,I really like this game been a fan of the GTA Franchise ever since I was kid I played GTA San Andreas up to GTA V when it comes to the gameplay and graphics this is surely the best one. GTA V was a let down I wish there was more gang missions like San Andreas. This is one of the greatest game Rockstar created.,Grand Theft Auto V
2017-07-09,0,0,156,False,Not Recommended,CAN THESE STUPID MOFOCKERS STOP SENDING 5 GB UPDATES EVERY 2 DAYS? I PLAY THIS ONCE EVERY 2 DAYS I DONT WANNA WASTE 30 MINUTES ON UPDATING THIS ING PIECE OF GARBAGE THIS GAME.,PLAYERUNKNOWN'S BATTLEGROUNDS
2018-09-10,0,0,215,False,Recommended,Product received for free. It felt like a complete experience!,MONSTER HUNTER: WORLD
2017-11-28,0,0,173,True,Recommended,Buged hell but simple and addictive,PLAYERUNKNOWN'S BATTLEGROUNDS
2016-06-21,0,0,600,False,Recommended,Before I tried rocket league I thought it sounded really stupid. Isn't stupid. Buy this game.,Rocket League®
2017-08-01,0,0,35,True,Not Recommended,Someone stole my name.,PLAYERUNKNOWN'S BATTLEGROUNDS
2017-07-05,0,0,168,False,Not Recommended,It used to be good now it sucks Competitive is Unbalanced Normal Matches are unbalanced throwers have taken over. Community is cancerous and toxic it's just all bad,Rocket League®
2017-07-12,1,3,136,True,Not Recommended,"Congratulations on the 278 000th ""Early Access"" game this year. Whether they like to admit it or not the game is clearly ridden with bugs and errors that were not fully buffed out before release. In all honesty the game is good in and of itself the idea is cool and fun I actually enjoy it on the very rare occasion that there isnt some sort of graphical error ruining my view bug keeping me from moving/looking/aiming or just general lag that happens LITERALLY anytime Im in combat. That last one really gets to me considering a shooter like this relies on your ability to react quickly and aim well. I could say this about so many other games but if more time was taken to more thoroughly buff out all the silly little glitches and errors rather than doing what literally every other game company in the world has done lately and just say ""Meh well we worked on it long enough lets just release it."" Ill likely keep playing it in the hopes that one day the game will be clean and finished but I can pretty much 100% guarantee thats not gonna happen and this will be yet another ""Early Access"" game where the devs will just take the money and run. But hey maybe this will be ""the one"" theres always hope I guess. I really hope it is its not inherently a bad game they shoulda just spent more time on it. I would 100% reccomend it should they ever fix it not a bad game. Just a broken one.",PLAYERUNKNOWN'S BATTLEGROUNDS
2018-03-04,2,1,0,False,Not Recommended,VVorld of VVarcraft hates this game!My brother never gets off this game anymore and i am genuinely concerned for his health.,Grand Theft Auto V
2016-09-25,0,0,200,False,Recommended,Great game definitely worth the money. Much more fun with friends though.,Grand Theft Auto V
2018-12-29,0,0,119,False,Recommended,Honestly I love this game it involves skill unlike other PvP games like Fortnite and H1 but I just think that it should be more rewarding to new players.,PLAYERUNKNOWN'S BATTLEGROUNDS
2016-11-26,0,0,250,True,Recommended,"10/10 would go around raiding people yelling ""HANDS UP THIS IS THE LAPD GET ON THE GROUND!""",Rust
2015-08-01,1,1,22,False,Recommended,One of the most intense games i've played in this year.10 bycycle hits out of 10,Rocket League®
2017-04-25,0,0,82,True,Not Recommended,I literally only play this game because I have some friends who play it. After about an hour this game feels super boring and like your replaying the same thing. All the fanboys are going to try shank me up about my opinion only people that like this game eather are huge shroud fanboys or summit1g fanboys. Also when I say this game is broken it really is all the h1z1 haters say PUBG isn't broken but really both games are broken as F***.,PLAYERUNKNOWN'S BATTLEGROUNDS
2017-06-20,0,0,530,False,Not Recommended,Sign this petition please https //www.change.org/p/rockstar games save openivAfter Take Two's actions against Open IV I cannot support them or there affiliates.,Grand Theft Auto V
2015-07-05,0,0,6,True,Recommended,Need to play with a friend!,Rust
2017-04-15,0,0,508,True,Recommended,Currently ruining my social life. Five stars.,Rust
2017-10-30,0,0,77,False,Recommended,GG,PLAYERUNKNOWN'S BATTLEGROUNDS
2015-04-19,0,0,279,False,Not Recommended,It's unfortunate that the game I paid full price for twice has become so unreliable in terms of gameplay. To be clear I'm OK with paid content and long grinds I'm not OK with knowing I could lose any progress I've made because they do not protect their software. Take Two has options either open up the market to let private parties use and secure content privately or secure themselves but don't force broken software on people.Do not support this company until it fixes either it's security flaws. Not just the ones that let people mod ALL of their security flaws.,Grand Theft Auto V
2017-06-17,1,1,98,False,Not Recommended,i did not approved this,Grand Theft Auto V
2017-07-23,0,0,287,True,Recommended,Very good game! Addictive and action packed 10/10 one of the best games in my library!,Rust
2018-02-07,0,0,166,False,Recommended,Cool game lots of bug's tho . Dev's are giving new udpates constantly etc. guns vehicles which makes the game better . I hope fortnite drops and pubg will takeover again,PLAYERUNKNOWN'S BATTLEGROUNDS
2017-02-08,0,0,176,False,Recommended,epic game,Dead by Daylight
2017-09-05,0,0,544,True,Not Recommended,Bugs Crashes and lags in one game,PLAYERUNKNOWN'S BATTLEGROUNDS
2018-12-05,0,0,530,False,Recommended,Nice game but way too toxic community,Rocket League®
2018-11-22,0,0,78,False,Recommended,Well made game read the story for all the characters to make it even better,Dead by Daylight
2016-04-19,2,2,322,True,Not Recommended,U can't choose gender I will recommend this game when I am a man again.,Rust
2017-07-03,0,0,70,False,Recommended,The best open world game!!,Grand Theft Auto V
2018-06-20,0,0,315,False,Recommended,Purchased the game a few months after early release. Only played a few hours as I wasn't that impressed. Started playing about Feb 2018 to a much improved game. At that time there were still some issues that required attention however I was pretty impressed with the game. Now have about 150 hours and thoroughly enjoy playing solo or squad with a few friends. The game still needs attention and improvement in some areas but I'm actually really happy with how it plays etc. 8/10 would recommend!,PLAYERUNKNOWN'S BATTLEGROUNDS
2017-09-27,0,0,1692,False,Recommended,esports ready,PLAYERUNKNOWN'S BATTLEGROUNDS
2014-01-13,0,0,340,True,Recommended,Turns everyone into that Quinten Taritino movie where he tell the kids to get off his lawn with a shotgun while mumbling something racist....10/10 shows anarchy at its best,Rust
2015-05-24,0,0,386,False,Recommended,不错,Grand Theft Auto V
2017-10-11,0,0,36,True,Not Recommended,PUBG IS A TRIGGER HAPPY RANDOM BAN ONLINE GAMEHYPE BAIT CANCER TRAPFresh new player with at least 35 hours of gameplay still a newb trying to learn the game minding my own business running alone away from the blue zone (gas) when i got kicked out.Tried logging back in and it says I got banned.SERIOUSLY? BANNED FOR WHAT? RUNNING AWAY FROM THE GAS ZONE AND TRYING TO SURVIVE?Didn't believe the ban issue where people are getting banned without any reason at least not until now that i've experienced it.TOTALLY NOT A RECOMMENDED GAME. MONEY MILKING FPS.BAN AFTER #RNG HOURS OF GAMEPLAY WITH NO REASON.,PLAYERUNKNOWN'S BATTLEGROUNDS
2018-06-08,0,0,70,False,Recommended,good for people who cant afford roblox battle royale,PLAYERUNKNOWN'S BATTLEGROUNDS
2018-11-15,0,0,314,False,Recommended,UI is laggy buggy and very slow... Feels very unpolished when in Menu. Has been like this since launch!Gameplay is good though,PLAYERUNKNOWN'S BATTLEGROUNDS
2017-05-22,0,0,0,False,Recommended,Nice Game !!,Rocket League®
2017-11-22,0,0,328,True,Recommended,Military base?,PLAYERUNKNOWN'S BATTLEGROUNDS
2018-08-11,0,0,352,False,Recommended,Great game a lot of the issues I had in the past have been fixed.,MONSTER HUNTER: WORLD
2017-07-05,0,0,2,True,Recommended,Squad is hella hard stick to solo and duo as beginners famallamaz. Fun game overall.,PLAYERUNKNOWN'S BATTLEGROUNDS
2016-02-09,0,0,157,False,Recommended,weeee,Rocket League®
2015-08-30,0,0,1186,False,Recommended,Football with cars explosions amazing skill ceiling (still learning and improving after 12K hours) and amazing competitive system. There is nothing I don't recommend about this game.,Rocket League®
2017-08-02,0,0,1068,True,Recommended,"Hello and thank you for reading this review and I will explain to you why this game has gone down hill and why I still play this game. There are a couple points I will be reinterating and some points that other people have made. So lets go ahead and begin.1. Building in RustThe building in rust is remarkable and that is what alot of people bought the game for when it first came out in 2013 and why I bought it. The original has had it's moments when people were building in the air and they destoyed the bottom so noone could raid it when it was at the top of the map and noone could raid or get you. They fixed that with stability in later updates and if people tried then they were trolled made fun of and people just gave up and made better bases. Now when it comes to new rust or what old time rust people like me call it still (Rust Experimental) they changed it in a bad way. They started at such a good way when experimental was first out and then overtime the little kids and Zerg clans when to reddit and every public forum and complained about raiding was too hard and costed way too many resources. Gary Newell then listened to the zergs and little kids and made it to where that people could place twig foundations anywhere in toolcupboard areas which basically means the tool cupboard is useless. I know alot of people are going to say ""But without the toolcupboard then you cant make it out of Wood/Stone/Sheetmetal/HQ and place stuff in it."" and yes I would admit that but the problem is though is that they might just make a update where you can put auto turrets outside and just let it camp you the whole time in building priv areas. Gary needs to bring it back where Only You and whoever has building priv be allowed to build in those areas.2. Aimcone on the AK47Remember old rust players when the ak47 did not have a aimcone and that it took skill to kill someone and it took luck to get certain shots on someone. Remember how the AK47 used to be cheap because there was no components (will get to the component system later). So many kids and Zergs later again went to Public Forums and complained about how hard it was to use the ak47 and people complained to everyone and supposidly new people wouldnt like how the ak47 was. So Garry Newman said it lets feed into the BS and make it easier to use the ak and make it more like COD where its point and shoot. More and More people like me and others complained about how the update ruined it and then Gary said that if you don't like the mechanics of the game then did you at least get your money's worth out of it (or something like that) and we complained and some people wanted a refund but I still think its stupid to refund if we put thousands of hours in a game that is still freaking amazing and terrible at the same time. I wish that Gary would just not listen to the Zergs/Trolls/Little kids and just listen to the community who has been here for years.3. ZOMBIESEvery old time rust player will remember the Rad Zombies that were Red/Green/Regular zombies that would kill people and ran really fast or really slow and took like a stack of arrows to kill. Well he listened to the dumb people on public forums and removed it even though everyone in the community later complained and Gary apologized but still wont add back the zombies. I think if everyone spammed the forums of every public forum that gary reads then I believe that he would add them back.4. Bugs in RustAlot of people have realized that the team has been taking less and less time to fix the bugs and more time adding content to please the masses. One of the bugs that they finally fixed was the EAC Disconnect which was a nightmare during raiding because if that happened then you basically got screwed and people would take your stuff before you could go back in which took either a minute or if your in a server that is heavily populated then it would take hours to get back in and you found out that you died and you would rage quit. There was also a bug that if you spammed jumped on someone's head then you would get disconnected and that took them a long time to fix it.5. Crafting System (Component XP Blueprint)Everyone loves the BP system and that is why some servers on Rust Experimental still use the BP system and almost none have the XP system because XP SYSTEM IS TRASH. Good old Gary made the BP system which actually brung action into rust and you had to go out and destroy barrels loot crates weapon boxes etc to get BP and it was amazing. They kept this for a long time because it was a working system. Yet again I have to repeat myself Gary listened to the dumb people on public forums to get the BP system removed after having it for such a long time and then Gary Announced the XP system and people were furious because of a couple reasons. Number one reason is because Clans/Zergs had fun with this because they would get there slaves to use there equipment which let the slaves and the maker of the item to get xp and so when the masters get off for the night and the slaves are still on the master can just get back on after a couple hours and they are lvled up so many times. Solo players couldnt play in popular servers so alot of people created Solo/Duo/Trio servers and people left populated servers for these types of servers. Gary listened after about a month or so and made the component system. Component system is not as good as the BP system but WAY BETTER THEN THE XP SYSTEM. The component system added more items into the game which made people like it because people had to go destroy barrels to get items to make a gun which sounds more resonable. Alot more I want to say but im writing this at 9 30 at night.Final Statement.If you love Sandbox Action Games then you will love this but you will also hate it because of the Zergs/COD AIM/Trolls and alot more. So many bugs/glitches/crashes and Ram Issues that make the game unplayable sometimes. The game is really fun so I do recommend but only if you can play the game and deal with the issues that come with early access games.",Rust
2016-12-26,0,0,24,False,Recommended,Product received for free. Tis an good gaem. *Tis el best geam promiz. Trevr lookz lik my spanish teacher named francis no joke except my spanish teacher is rich af cuz he was a wallstreet thug. anywayz i can betches in this game which u cant do in many others. also u can jerk off into toilets which is a plus. I also enjoy running over pedestrians with my piece of shet stationwagon lookalike the zirconium stratum (with a pink paintjob so those peds know its me). also u can shower and clean urself and also slep and smok wed 4 dayz. Cons cant run around with my schlang out in gta online. best thing is that u can crash into dickz without actually crashing into a in deck,Grand Theft Auto V
2017-11-07,0,0,549,True,Recommended,Product received for free. i need help my game is said it need to update but my steam doesn't show anything?,PLAYERUNKNOWN'S BATTLEGROUNDS
2017-04-17,0,0,2,False,Recommended,its fun and cool,Rocket League®
2018-03-09,0,0,7,False,Not Recommended,The gameplay and scenario is good BUT the graphical engine is a disaster. We have several pc's at home that runs CS_GO America's Army and actually any game without problems. When it comes to this game we need to set the settings to a minimum to be able to play somewhat smooth.I will alsp say that I find the game to expensive compared to other games. It is just kind of new map on CS GO.,PLAYERUNKNOWN'S BATTLEGROUNDS
2018-12-19,0,0,1,False,Not Recommended,Played a few matches and its riddled with hackers and broken featueres,PLAYERUNKNOWN'S BATTLEGROUNDS
2017-06-17,5,1,24,False,Not Recommended,I'm with the whole community on this fiasco,Grand Theft Auto V
2018-11-21,0,0,276,False,Recommended,Looking for New killers... D,Dead by Daylight
2016-12-09,0,0,1197,False,Recommended,Amazing game. Enough said.,Rocket League®
2017-11-22,0,0,88,True,Recommended,naked,Rust
2016-11-25,0,0,61,False,Recommended,Yes,Grand Theft Auto V
2017-05-15,0,0,581,True,Recommended,I LOVE THIS GAME PLAY IT ITS FUN OK BYE,Rust
2018-02-17,0,0,50,False,Not Recommended,,PLAYERUNKNOWN'S BATTLEGROUNDS
2016-09-18,0,0,228,False,Recommended,This game is gr8 m8,Rocket League®
2017-06-24,0,0,226,False,Recommended,i thought this game was overall a great time made me a gamer love gta 4eva bb,Grand Theft Auto V
2019-01-01,0,0,1863,False,Recommended,Good Game!,Rocket League®
2017-06-18,0,0,439,False,Not Recommended,RIP OpenIV.Go to hell Take Two......................./ /).................... / ../.................../..../............./ /'...'/ ........../'/.../..../......./ ........('(... ... .... /'...')......... .................'...../..........''... .......... _. ............ ..............(.............. ............. ...PC GAMING IS AGAINST YOU!!,Grand Theft Auto V
2016-01-02,0,0,55,False,Recommended,Highly recommend playing with a controller. At first I played with keyboard and mouse and personally I found the game to not be so fun. Once I got a controller (I personally use the DualShock 4) it became so much more entertaining and fun to play especially with friends. It's insanely competitive and easy to get into.,Rocket League®
2015-08-11,0,0,94,False,Recommended,Why is this game good? B/c the graphics the gameplay and the customization. Oh and 4 player splitscreen. Need I say more?,Rocket League®
2017-11-22,0,0,36,False,Recommended,Grand Theft Auto V é um dos melhores games para se jogar com os amigos muito divertido o multiplayer é muito bom tem uma variedade de coisas para se fazer no game.Pros Ótimos Gráficos Diversão Garantida Multiplayer com muito conteudo Campanha muito legal Updates adicionam muito conteudo e novas coisas ao game.Contras Game bem pesado Ocupa muito espaço em disco Reque um pc forte para alta configuração no game Multiplayer pode lagar dependendo da localidade e net do usuário Jogadores do multiplayer podem ser ignorantes e ruins contra jogadores novos,Grand Theft Auto V
2016-11-23,0,0,2687,False,Recommended,Rocket powered cars + soccer? Sounds weird on paper but it's some of the most addictive gameplay I've ever tried. Insanely high skill cap and somehow it feels more like playing a sport than playing Fifa. If you think it seems like a weird idea just give it a try you won't regret it.,Rocket League®
2017-06-20,0,0,622,False,Not Recommended,off,Grand Theft Auto V
2016-02-15,0,0,39,False,Not Recommended,"Used to love this game.The past few days it's just been horrible. Half if not more of the ""players"" aren't playing they're just sitting there all on one team and waiting for drops to sell on the market. I'm tired of joining games. I want to report them as ""AFK"" or ""Potential bot"" but you don't have that option when reporting.I WANT TO PLAY AGAINST PEOPLE. All of one team is usually in the same clan and probably run by the same user to get as many loot crates as possible.",Rocket League®
2017-07-16,0,0,197,False,Recommended,Its a amazing game with great graphics.,Grand Theft Auto V
2014-04-13,0,0,589,True,Recommended,This game starts you off in the stone age and you work hard to get to the rocket age then you go back to the stone age again.AWESOME game!,Rust
2018-03-17,0,0,14,False,Not Recommended,PUBG is an OK game with quite good fighting mechanics. The developers have suported and will to contune to support the game with updates and new content but constant bugs lag and un optimiztion have left the game in a bad place.Good things A massive player base Great fighting mechanics Constant Updates Fun to playBad Things Bugs More Bugs Price Poor Optimisation RNGOverall I wouldn't reconmend getting this game UNLESS you are into the Battle Royale genre. Other games such as Fortnite have a similar product for free however PUBG is more competitve so I wpould chek it wout if you are a massive fan of other Battle Royale Games.Although the game has a massive playerbase it is being largely sustained by the Chinese market as the Western Market moves to gaves such as Fortnite. The game is extrenemly however the developers ARE working to fix these bugs.5/10,PLAYERUNKNOWN'S BATTLEGROUNDS
2018-04-17,0,0,241,False,Recommended,meh,PLAYERUNKNOWN'S BATTLEGROUNDS
2018-11-21,0,0,70,False,Recommended,This is a great realistic type battle royale game.But Fortnite is better,PLAYERUNKNOWN'S BATTLEGROUNDS
2015-05-08,0,0,317,False,Recommended,If you want to have your mods and risk getting banned be my guest. But besides the point GTA V is a great game. Definitely best on PC.,Grand Theft Auto V
2017-04-15,0,0,307,False,Recommended,Awesome!,Grand Theft Auto V
2017-01-02,0,0,367,False,Recommended,Nice game ! ),Grand Theft Auto V
2017-11-24,0,0,313,False,Recommended,Its a pretty good game...,Dead by Daylight
2018-06-05,0,0,1542,False,Recommended,Best online game experience in any video game,Grand Theft Auto V
2017-08-29,0,0,210,True,Recommended,Love The Game,PLAYERUNKNOWN'S BATTLEGROUNDS
2018-01-09,0,0,218,False,Not Recommended,This game was quite fun when I first got it around September. I played it almost everyday with friends for about two months but have never returned after I quit. I wish refunds were available past the inital time that it is set right now for games that that are in beta but ill just have to deal with the fact I wasted 30 dollars. Do not get this game. It is full of hackers poorly optimized and one game will waste you 30 mins of you life. if a new map and weapons could bring me back along with my friends who still some how find it fun telling me its good again there is no way I will be ever comming back.,PLAYERUNKNOWN'S BATTLEGROUNDS
2018-10-16,0,0,144,False,Recommended,fun fun fun,Grand Theft Auto V
2014-08-02,0,0,62,True,Not Recommended,This game is good but it is ruined by hackers. The game is all about survival and its no fun when they have aimbots speed hacks and ect. This is one of the best selling game on steam witch supprises me because you think they would care more but they just dont. Do not buy this game.,Rust
2017-06-23,0,0,190,False,Recommended,"Story line is rich. The 3 story mode characters you play as (Trevor Michael and Franklin) have a slow start but it gets more and more exciting like what Lester would say ""mind blowing orgies"". This game makes you hate some characters and understand the character's background which teaches you to not judge a book by its cover. The online mode is just cancer. Players killing each other for fun or literally chaos (Jets and tanks all over the island and bombing players). You might meet modders. Most of the time you might meet modders who are d1cks and would teleport and kill you but there are chances where you meet kind modders who will bring you to places to party give you free cash or fly you in a cargo plane. In total I would recommend this game to others.",Grand Theft Auto V
2017-04-04,0,0,1849,True,Recommended,Highly recommended anyone who loves adventures forced learning environments quick game play and first person shooter hunter gatherererer! Then this game is for you!! WARNING as much as I love this game it can very easily pinch a nerve or two that can cause anxiety rage cold sweats and my favorite of course would be the life contemplating moments. You will see what I mean later so get on and get rusty with it!,Rust
2017-01-15,0,0,11,True,Recommended,Very fun game looks great and runs well for being pre alpha.,ASTRONEER
2017-06-16,0,0,615,True,Recommended,Awesome game!,PLAYERUNKNOWN'S BATTLEGROUNDS
2018-11-21,0,0,41,False,Recommended,Very fun game specially playing with friends.,Rocket League®
2018-06-09,0,0,203,False,Not Recommended,Jesus Christ the game is simply a piece of cr*p in terms of mechanics and optimization. Only thing was the BR mode which has been exceed by a number of other titles. Please open your eyes my fellow gamers and try other games with BR mode. And one thing to point out the Chinese player base is in my opinion not to blame for the cheating activities because if a game still has no control over the anti cheat system for almost two/three years of development what else can I even say but the developer are using this incident as a a bait or they are simply incompetent. One word of advice if you need as least half decent developers post your developing positions on University of Waterloo for CS program. I am sure the co op students will do a better job than what PUBG is today... Just please do something about this terrible game. Either shut it down or you know GET GOOD. Juses .....,PLAYERUNKNOWN'S BATTLEGROUNDS
2018-08-11,0,0,79,False,Not Recommended,Definitely a good game but the experience is dampened by multiplayer issues. And being a multiplayer game I'll have to not recommend it for now. So far my experience has been mostly positive other than a few items which has been repeated again and again. It truly is a gorgeous game which is plagued by some issues Capcom really need to fix RIGHT NOW. Multiplayer is a mess Story missions often require each player to go it alone until a certain cutscene before allowing group play then players 2 4 have to all abandon their quests and join player 1's ongoing quest. Even then my friend has trouble finding my SOS Flare to join in my ongoing quest almost 100% of the time. I've only ONCE had random players respond to my SOS flare but my session disconnected not 5 minutes after.Which brings us to the MULTIPLAYER aspect of it. Constant disconnects happen FREQUENTLY and this becomes extremely infuriating when you're in the middle of taking down a large boss and your friends disconnect leaving each player to defeat it themselves. Having the hunt disrupted by a random disconnect after 20 30 minutes of teamplay is ridiculous and as long as this issue prevails I cannot properly recommend this game. As of this moment even hunting down the Anjanath has seen disconnects happen to me and my teammates 5/5 times.Simply put if you're looking for a multiplayer experience MHW at it's current state will only frustrate you more than you'll spend enjoying it. If you're playing solo this game is gorgeous and definitely worth taking a look.,MONSTER HUNTER: WORLD
2017-11-02,0,0,10,False,Recommended,gucci vibes (as killer),Dead by Daylight
2017-09-25,0,0,581,True,Recommended,The game needs more content and crashes too much but still funAlso get rid of the hackers pls,PLAYERUNKNOWN'S BATTLEGROUNDS
2016-10-11,0,0,18,False,Recommended,It's like sports if i could play them!,Rocket League®
2014-08-14,0,0,221,True,Recommended,Joined a server and started chasing a guy...soon enough an army of nakeds gathered up to chase a guy because the had chicken 10/10,Rust
2018-08-12,0,0,169,False,Recommended,New to the series and having a blast! Initially tried using mouse and keyboard but found it inferior to a gamepad.Graphics sound is great. Playing at 4k with a 1070. Just make sure to turn some settings down.Gameplay is fantastic. Being new to the series wasn't sure what to expect but having a lot of fun.Haven't tried the multiplayer yet as I want to try all the monsters solo first.Quite surprised at the low rating on steam most definitely one of the better games I've played this year.,MONSTER HUNTER: WORLD
2017-12-16,0,0,523,True,Recommended,10/10,PLAYERUNKNOWN'S BATTLEGROUNDS
2017-09-22,1,2,171,False,Not Recommended,This game was good until they actually started banning people for racial slurs.,Rocket League®
2017-12-26,0,0,713,False,Not Recommended,Bought this game so I can't click anywhere on the menu and just rage exit the game??? No... I bought it to play... Fix this ffs...,PLAYERUNKNOWN'S BATTLEGROUNDS
2015-04-23,0,0,49,False,Recommended,This game needs no introduction as I believe it is known worldwide. High anticipated and GAME OF THE YEAR. Everything you need is there ranging from graphics sceneries storyline multiplayer gameplay driving and most of all it is worth everything it cost.,Grand Theft Auto V
2017-12-20,0,0,287,True,Recommended,Best to play this game with friends XD,PLAYERUNKNOWN'S BATTLEGROUNDS
2017-07-27,0,0,155,True,Not Recommended,Foggy servers,PLAYERUNKNOWN'S BATTLEGROUNDS
2018-01-03,0,0,2,False,Recommended,After few years of waiting I finally bought it and its really great game.,Rocket League®
2017-10-23,0,0,271,True,Recommended,Not without it's flaws as it's an early access game but this is simply put one of the best PVP games ever made. The player numbers don't lie.The sheer number of streamers don't lie.The records broken don't lie.If you haven't played this game you are missing out.,PLAYERUNKNOWN'S BATTLEGROUNDS
2018-03-03,0,0,166,False,Not Recommended,конкретное не рекомендую данную игру. Для адекватных людей она не подходит.,PLAYERUNKNOWN'S BATTLEGROUNDS
2018-12-30,0,0,85,False,Recommended,yo this is a good game to chill out and talk wit y our friends 10/10 100% no homo,Rocket League®
2016-11-28,0,0,1155,False,Recommended,"Best ""car"" game I've ever played. It's all about the angles. Super clean super mean... thats rocket league.",Rocket League®
2018-05-31,0,0,294,False,Recommended,Product received for free. LMAO,PLAYERUNKNOWN'S BATTLEGROUNDS
2014-03-07,0,0,77,True,Recommended,This is a great game!!! It's more addictive than Crack....Not that I have ever done crack but I imagine this is what it would be like. I can't seem to get enough of this game. There is nothiing remotely like it on consoles as of the date of this review. This is like a combination between State of Decay meet Minecraft.,Rust
2018-02-17,1,2,162,False,Not Recommended,This game currently ruined by chinese ers,PLAYERUNKNOWN'S BATTLEGROUNDS
2016-11-25,0,0,296,False,Recommended,I think it is overall a really good game. I love the feeling of when i get to do a freestyle aerial. It just feels good.,Rocket League®
2017-07-08,0,0,280,True,Recommended,"Rust. The servers lag constantly. If you are good at the game you will only be offline raided. The community is ing toxic as you can be fully geared and be killed instantly by a noob with a stupid rock because ""balance"". the servers will only start to lag when I come accross another player and this usually results in me ing dying. Raiding is garbage as a noob can build a unraidable base in 15 minuets. Official servers are litteral every server is usually controlled by this one giant zerg clan that always has at least 8 people on equipped with m249's and enough explosive ammo to level your base 35 times over. People will quite literally camp their 300 foot tall base with a bolty all day long until you get offline and they raid you.Black guys can have small in this game.Its a meh",Rust
2017-02-16,0,0,921,False,Recommended,This game 10/10 it pisses me off but its still fun D,Rocket League®
2016-11-24,0,0,684,True,Recommended,Extreme salt the game Good pvp combatGetting greedyCrazy ppl on mic9.5 out of 10,Rust
2018-05-27,0,0,1,False,Not Recommended,Region Lock Chinese pls,PLAYERUNKNOWN'S BATTLEGROUNDS
2017-01-26,0,0,579,False,Recommended,Overall nice game. Really like it what i like best is the muitiplayer mode.,Grand Theft Auto V
2017-10-13,0,0,1487,True,Recommended,Just keep it simple ),Rust
2016-06-24,0,0,376,False,Recommended,Still goin strong since 13',Grand Theft Auto V
2015-04-15,1,3,485,False,Recommended,This game is the best game I've EVER played in my whole life in the day lunch I was like a kid in christmas eve GTA V Is love GTA V is life.,Grand Theft Auto V
2017-10-14,0,0,868,True,Recommended,A good game I advise everyone))),Rust
2015-04-27,0,0,155,False,Recommended,Instead of looking at the reviews you should be playing right now.,Grand Theft Auto V
2016-12-29,0,0,14,True,Recommended,Good game.,ASTRONEER
2017-09-12,0,0,1932,True,Recommended,It is a very good game!,PLAYERUNKNOWN'S BATTLEGROUNDS
2017-07-28,0,0,65,True,Recommended,Product received for free. I LOVE this game my bro bought it for me. But if your reading this WAIT to buy rust It Still has eac siconnected crashes,Rust
2018-01-21,0,0,116,False,Not Recommended,game,PLAYERUNKNOWN'S BATTLEGROUNDS
2018-11-25,0,0,684,False,Recommended,Fun Game,Rocket League®
2017-08-14,0,0,226,True,Recommended,Most fun we ever had as a 3 4 man gaming team. Up to 10hrs daily its like glue DAside from that game need some optimization as it is still in early acc and will take some time for new features and items but its worth the wait.,PLAYERUNKNOWN'S BATTLEGROUNDS
2017-06-17,0,0,50,False,Not Recommended,OpenIV,Grand Theft Auto V
2017-01-30,0,0,17,True,Recommended,Beautiful and staggering. I've seen a lot of gameplays on YouTube and finally decided to buy it and I regret not buying it sooner. Even though I've played it for only a few hours I already love it. Since this is still an ALPHA build I can only imagine how this game will look when it's complete.,ASTRONEER
2018-07-09,0,0,214,False,Recommended,I really enjoy this game with friends. Great fun.But I paid 26 for this game why do I have to pay more for any skins other than the default?Great game shady business practices.,PLAYERUNKNOWN'S BATTLEGROUNDS
2017-07-05,0,0,96,False,Recommended,Fun game recommend to buy..,Euro Truck Simulator 2
2019-01-10,0,0,226,False,Not Recommended,This game needs some optimization.,PLAYERUNKNOWN'S BATTLEGROUNDS
2016-11-25,0,0,123,True,Recommended,When first buying it last year was more dissapointed than anything. My buildings would constantly disappear. Had to rebuild every day. alot was broken. Now after putting it down for a year I picked it back up with some guildies. Its so much more fun now. still glitches a bit but its alpha so understandable. but love what it has become so far. Keep it up.,Rust
2017-08-26,1,2,271,False,Not Recommended,How to GTA Online fun game doing stupid stuff with friends poorfag.jpeg doing hours of jobs to earn cash cuz shark cards is finally enough money to buy fun stuff hacker in server doing hacker stuff giving us ufo's as hats and lollygags leaves server cuz dont wanna get banned logs on next day all money gone from bank rockstar took it all creates ticket on legendary support site gets standard generated answer back hidden answer saying to myself5/7,Grand Theft Auto V
2016-12-10,0,0,30,False,Not Recommended,Loved how i have been banned for no reason contacted support and they just send me an automated message and close my ticket. ive only played 17.6 hours and i dont know if im going to be bothered to play anymore. was going to buy shark cards but whats the point? they will just go steall all that money i would earn by wiping my account.,Grand Theft Auto V
2016-11-22,1,1,501,False,Not Recommended,"""GREAT"" anti cheat",Grand Theft Auto V
